summa, 1, 8, 1, naive, 256, 256, 256, 1, 8, 4, 0.116747, 5, 0.023349
summa, 1, 8, 1, naive, 256, 256, 256, 1, 8, 8, 0.063162, 5, 0.012632
summa, 1, 8, 1, naive, 256, 256, 256, 1, 8, 16, 0.034603, 5, 0.006921
summa, 1, 8, 1, naive, 256, 256, 256, 1, 8, 32, 0.070747, 5, 0.014149
summa, 1, 8, 1, naive, 256, 256, 256, 1, 8, 64, 0.504457, 5, 0.100891
summa, 1, 8, 1, naive, 256, 256, 256, 1, 8, 128, 0.825216, 5, 0.165043
summa, 1, 8, 1, naive, 256, 256, 256, 1, 8, 256, 0.278763, 5, 0.055753
summa, 1, 8, 1, naive, 256, 256, 256, 1, 8, 512, 0.000859, 5, 0.000172
summa, 1, 8, 1, naive, 256, 256, 256, 1, 8, 1024, 0.001149, 5, 0.000230
summa, 1, 1, 8, openmp, 256, 256, 256, 1, 1, 4, 0.052235, 5, 0.010447
summa, 1, 1, 8, openmp, 256, 256, 256, 1, 1, 8, 0.044046, 5, 0.008809
summa, 1, 1, 8, openmp, 256, 256, 256, 1, 1, 16, 0.039447, 5, 0.007889
summa, 1, 1, 8, openmp, 256, 256, 256, 1, 1, 32, 0.040455, 5, 0.008091
summa, 1, 1, 8, openmp, 256, 256, 256, 1, 1, 64, 0.044784, 5, 0.008957
summa, 1, 1, 8, openmp, 256, 256, 256, 1, 1, 128, 0.050037, 5, 0.010007
summa, 1, 1, 8, openmp, 256, 256, 256, 1, 1, 256, 0.050051, 5, 0.010010
summa, 1, 1, 8, openmp, 256, 256, 256, 1, 1, 512, 0.002060, 5, 0.000412
summa, 1, 1, 8, openmp, 256, 256, 256, 1, 1, 1024, 0.002073, 5, 0.000415
summa, 1, 2, 4, openmp, 256, 256, 256, 1, 2, 4, 0.055103, 5, 0.011021
summa, 1, 2, 4, openmp, 256, 256, 256, 1, 2, 8, 0.043902, 5, 0.008780
summa, 1, 2, 4, openmp, 256, 256, 256, 1, 2, 16, 0.045017, 5, 0.009003
summa, 1, 2, 4, openmp, 256, 256, 256, 1, 2, 32, 0.048411, 5, 0.009682
summa, 1, 2, 4, openmp, 256, 256, 256, 1, 2, 64, 0.055361, 5, 0.011072
summa, 1, 2, 4, openmp, 256, 256, 256, 1, 2, 128, 0.137514, 5, 0.027503
summa, 1, 2, 4, openmp, 256, 256, 256, 1, 2, 256, 0.067408, 5, 0.013482
summa, 1, 2, 4, openmp, 256, 256, 256, 1, 2, 512, 0.002323, 5, 0.000465
summa, 1, 2, 4, openmp, 256, 256, 256, 1, 2, 1024, 0.002269, 5, 0.000454
summa, 1, 4, 2, openmp, 256, 256, 256, 1, 4, 4, 0.073116, 5, 0.014623
summa, 1, 4, 2, openmp, 256, 256, 256, 1, 4, 8, 0.124479, 5, 0.024896
summa, 1, 4, 2, openmp, 256, 256, 256, 1, 4, 16, 0.050787, 5, 0.010157
summa, 1, 4, 2, openmp, 256, 256, 256, 1, 4, 32, 0.048114, 5, 0.009623
summa, 1, 4, 2, openmp, 256, 256, 256, 1, 4, 64, 0.296905, 5, 0.059381
summa, 1, 4, 2, openmp, 256, 256, 256, 1, 4, 128, 0.062707, 5, 0.012541
summa, 1, 4, 2, openmp, 256, 256, 256, 1, 4, 256, 0.065948, 5, 0.013190
summa, 1, 4, 2, openmp, 256, 256, 256, 1, 4, 512, 0.004794, 5, 0.000959
summa, 1, 4, 2, openmp, 256, 256, 256, 1, 4, 1024, 0.002432, 5, 0.000486
summa, 1, 8, 1, openmp, 256, 256, 256, 1, 8, 4, 0.107322, 5, 0.021464
summa, 1, 8, 1, openmp, 256, 256, 256, 1, 8, 8, 0.088724, 5, 0.017745
summa, 1, 8, 1, openmp, 256, 256, 256, 1, 8, 16, 0.085798, 5, 0.017160
summa, 1, 8, 1, openmp, 256, 256, 256, 1, 8, 32, 0.091139, 5, 0.018228
summa, 1, 8, 1, openmp, 256, 256, 256, 1, 8, 64, 0.545706, 5, 0.109141
summa, 1, 8, 1, openmp, 256, 256, 256, 1, 8, 128, 0.451604, 5, 0.090321
summa, 1, 8, 1, openmp, 256, 256, 256, 1, 8, 256, 0.304975, 5, 0.060995
summa, 1, 8, 1, openmp, 256, 256, 256, 1, 8, 512, 0.002317, 5, 0.000463
summa, 1, 8, 1, openmp, 256, 256, 256, 1, 8, 1024, 0.003815, 5, 0.000763
summa, 1, 1, 8, mkl, 256, 256, 256, 1, 1, 4, 0.061033, 5, 0.012207
summa, 1, 1, 8, mkl, 256, 256, 256, 1, 1, 8, 0.024608, 5, 0.004922
summa, 1, 1, 8, mkl, 256, 256, 256, 1, 1, 16, 0.022864, 5, 0.004573
summa, 1, 1, 8, mkl, 256, 256, 256, 1, 1, 32, 0.018184, 5, 0.003637
summa, 1, 1, 8, mkl, 256, 256, 256, 1, 1, 64, 0.021564, 5, 0.004313
summa, 1, 1, 8, mkl, 256, 256, 256, 1, 1, 128, 0.024816, 5, 0.004963
summa, 1, 1, 8, mkl, 256, 256, 256, 1, 1, 256, 0.023515, 5, 0.004703
summa, 1, 1, 8, mkl, 256, 256, 256, 1, 1, 512, 0.002070, 5, 0.000414
summa, 1, 1, 8, mkl, 256, 256, 256, 1, 1, 1024, 0.002073, 5, 0.000415
summa, 1, 2, 4, mkl, 256, 256, 256, 1, 2, 4, 0.038561, 5, 0.007712
summa, 1, 2, 4, mkl, 256, 256, 256, 1, 2, 8, 0.025417, 5, 0.005083
summa, 1, 2, 4, mkl, 256, 256, 256, 1, 2, 16, 0.023484, 5, 0.004697
summa, 1, 2, 4, mkl, 256, 256, 256, 1, 2, 32, 0.019745, 5, 0.003949
summa, 1, 2, 4, mkl, 256, 256, 256, 1, 2, 64, 0.021478, 5, 0.004296
summa, 1, 2, 4, mkl, 256, 256, 256, 1, 2, 128, 0.020752, 5, 0.004150
summa, 1, 2, 4, mkl, 256, 256, 256, 1, 2, 256, 0.024602, 5, 0.004920
summa, 1, 2, 4, mkl, 256, 256, 256, 1, 2, 512, 0.002242, 5, 0.000448
summa, 1, 2, 4, mkl, 256, 256, 256, 1, 2, 1024, 0.002286, 5, 0.000457
summa, 1, 4, 2, mkl, 256, 256, 256, 1, 4, 4, 0.027538, 5, 0.005508
summa, 1, 4, 2, mkl, 256, 256, 256, 1, 4, 8, 0.024894, 5, 0.004979
summa, 1, 4, 2, mkl, 256, 256, 256, 1, 4, 16, 0.021390, 5, 0.004278
summa, 1, 4, 2, mkl, 256, 256, 256, 1, 4, 32, 0.019797, 5, 0.003959
summa, 1, 4, 2, mkl, 256, 256, 256, 1, 4, 64, 0.021455, 5, 0.004291
summa, 1, 4, 2, mkl, 256, 256, 256, 1, 4, 128, 0.022412, 5, 0.004482
summa, 1, 4, 2, mkl, 256, 256, 256, 1, 4, 256, 0.024710, 5, 0.004942
summa, 1, 4, 2, mkl, 256, 256, 256, 1, 4, 512, 0.002358, 5, 0.000472
summa, 1, 4, 2, mkl, 256, 256, 256, 1, 4, 1024, 0.002428, 5, 0.000486
summa, 1, 8, 1, mkl, 256, 256, 256, 1, 8, 4, 0.027940, 5, 0.005588
summa, 1, 8, 1, mkl, 256, 256, 256, 1, 8, 8, 0.159775, 5, 0.031955
summa, 1, 8, 1, mkl, 256, 256, 256, 1, 8, 16, 0.030972, 5, 0.006194
summa, 1, 8, 1, mkl, 256, 256, 256, 1, 8, 32, 0.077477, 5, 0.015495
summa, 1, 8, 1, mkl, 256, 256, 256, 1, 8, 64, 0.383142, 5, 0.076628
summa, 1, 8, 1, mkl, 256, 256, 256, 1, 8, 128, 0.324117, 5, 0.064823
summa, 1, 8, 1, mkl, 256, 256, 256, 1, 8, 256, 0.230767, 5, 0.046153
summa, 1, 8, 1, mkl, 256, 256, 256, 1, 8, 512, 0.004147, 5, 0.000829
summa, 1, 8, 1, mkl, 256, 256, 256, 1, 8, 1024, 0.004224, 5, 0.000845
summa, 2, 8, 1, naive, 256, 256, 256, 2, 8, 4, 0.048995, 5, 0.009799
summa, 2, 8, 1, naive, 256, 256, 256, 2, 8, 8, 0.036315, 5, 0.007263
summa, 2, 8, 1, naive, 256, 256, 256, 2, 8, 16, 0.033927, 5, 0.006785
summa, 2, 8, 1, naive, 256, 256, 256, 2, 8, 32, 0.035195, 5, 0.007039
summa, 2, 8, 1, naive, 256, 256, 256, 2, 8, 64, 0.288980, 5, 0.057796
summa, 2, 8, 1, naive, 256, 256, 256, 2, 8, 128, 0.492426, 5, 0.098485
summa, 2, 8, 1, naive, 256, 256, 256, 2, 8, 256, 0.323513, 5, 0.064703
summa, 2, 8, 1, naive, 256, 256, 256, 2, 8, 512, 0.002218, 5, 0.000444
summa, 2, 8, 1, naive, 256, 256, 256, 2, 8, 1024, 0.004032, 5, 0.000806
summa, 2, 1, 8, openmp, 256, 256, 256, 2, 1, 4, 0.050995, 5, 0.010199
summa, 2, 1, 8, openmp, 256, 256, 256, 2, 1, 8, 0.032640, 5, 0.006528
summa, 2, 1, 8, openmp, 256, 256, 256, 2, 1, 16, 0.032676, 5, 0.006535
summa, 2, 1, 8, openmp, 256, 256, 256, 2, 1, 32, 0.029272, 5, 0.005854
summa, 2, 1, 8, openmp, 256, 256, 256, 2, 1, 64, 0.034883, 5, 0.006977
summa, 2, 1, 8, openmp, 256, 256, 256, 2, 1, 128, 0.062854, 5, 0.012571
summa, 2, 1, 8, openmp, 256, 256, 256, 2, 1, 256, 0.056427, 5, 0.011285
summa, 2, 1, 8, openmp, 256, 256, 256, 2, 1, 512, 0.002631, 5, 0.000526
summa, 2, 1, 8, openmp, 256, 256, 256, 2, 1, 1024, 0.002631, 5, 0.000526
summa, 2, 2, 4, openmp, 256, 256, 256, 2, 2, 4, 0.038381, 5, 0.007676
summa, 2, 2, 4, openmp, 256, 256, 256, 2, 2, 8, 0.041331, 5, 0.008266
summa, 2, 2, 4, openmp, 256, 256, 256, 2, 2, 16, 0.037817, 5, 0.007563
summa, 2, 2, 4, openmp, 256, 256, 256, 2, 2, 32, 0.037007, 5, 0.007401
summa, 2, 2, 4, openmp, 256, 256, 256, 2, 2, 64, 0.034459, 5, 0.006892
summa, 2, 2, 4, openmp, 256, 256, 256, 2, 2, 128, 0.047216, 5, 0.009443
summa, 2, 2, 4, openmp, 256, 256, 256, 2, 2, 256, 0.058649, 5, 0.011730
summa, 2, 2, 4, openmp, 256, 256, 256, 2, 2, 512, 0.004663, 5, 0.000933
summa, 2, 2, 4, openmp, 256, 256, 256, 2, 2, 1024, 0.004542, 5, 0.000908
summa, 2, 4, 2, openmp, 256, 256, 256, 2, 4, 4, 0.042127, 5, 0.008425
summa, 2, 4, 2, openmp, 256, 256, 256, 2, 4, 8, 0.052602, 5, 0.010520
summa, 2, 4, 2, openmp, 256, 256, 256, 2, 4, 16, 0.103592, 5, 0.020718
summa, 2, 4, 2, openmp, 256, 256, 256, 2, 4, 32, 0.036884, 5, 0.007377
summa, 2, 4, 2, openmp, 256, 256, 256, 2, 4, 64, 0.056257, 5, 0.011251
summa, 2, 4, 2, openmp, 256, 256, 256, 2, 4, 128, 0.278054, 5, 0.055611
summa, 2, 4, 2, openmp, 256, 256, 256, 2, 4, 256, 0.313981, 5, 0.062796
summa, 2, 4, 2, openmp, 256, 256, 256, 2, 4, 512, 0.004783, 5, 0.000957
summa, 2, 4, 2, openmp, 256, 256, 256, 2, 4, 1024, 0.003015, 5, 0.000603
summa, 2, 8, 1, openmp, 256, 256, 256, 2, 8, 4, 0.147354, 5, 0.029471
summa, 2, 8, 1, openmp, 256, 256, 256, 2, 8, 8, 0.062720, 5, 0.012544
summa, 2, 8, 1, openmp, 256, 256, 256, 2, 8, 16, 0.057448, 5, 0.011490
summa, 2, 8, 1, openmp, 256, 256, 256, 2, 8, 32, 0.057160, 5, 0.011432
summa, 2, 8, 1, openmp, 256, 256, 256, 2, 8, 64, 0.424270, 5, 0.084854
summa, 2, 8, 1, openmp, 256, 256, 256, 2, 8, 128, 0.495321, 5, 0.099064
summa, 2, 8, 1, openmp, 256, 256, 256, 2, 8, 256, 0.350252, 5, 0.070050
summa, 2, 8, 1, openmp, 256, 256, 256, 2, 8, 512, 0.091303, 5, 0.018261
summa, 2, 8, 1, openmp, 256, 256, 256, 2, 8, 1024, 0.006022, 5, 0.001204
summa, 2, 1, 8, mkl, 256, 256, 256, 2, 1, 4, 0.037622, 5, 0.007524
summa, 2, 1, 8, mkl, 256, 256, 256, 2, 1, 8, 0.025159, 5, 0.005032
summa, 2, 1, 8, mkl, 256, 256, 256, 2, 1, 16, 0.028419, 5, 0.005684
summa, 2, 1, 8, mkl, 256, 256, 256, 2, 1, 32, 0.023765, 5, 0.004753
summa, 2, 1, 8, mkl, 256, 256, 256, 2, 1, 64, 0.026684, 5, 0.005337
summa, 2, 1, 8, mkl, 256, 256, 256, 2, 1, 128, 0.023167, 5, 0.004633
summa, 2, 1, 8, mkl, 256, 256, 256, 2, 1, 256, 0.026718, 5, 0.005344
summa, 2, 1, 8, mkl, 256, 256, 256, 2, 1, 512, 0.002698, 5, 0.000540
summa, 2, 1, 8, mkl, 256, 256, 256, 2, 1, 1024, 0.002588, 5, 0.000518
summa, 2, 2, 4, mkl, 256, 256, 256, 2, 2, 4, 0.036955, 5, 0.007391
summa, 2, 2, 4, mkl, 256, 256, 256, 2, 2, 8, 0.023590, 5, 0.004718
summa, 2, 2, 4, mkl, 256, 256, 256, 2, 2, 16, 0.021982, 5, 0.004396
summa, 2, 2, 4, mkl, 256, 256, 256, 2, 2, 32, 0.022965, 5, 0.004593
summa, 2, 2, 4, mkl, 256, 256, 256, 2, 2, 64, 0.021608, 5, 0.004322
summa, 2, 2, 4, mkl, 256, 256, 256, 2, 2, 128, 0.025643, 5, 0.005129
summa, 2, 2, 4, mkl, 256, 256, 256, 2, 2, 256, 0.026994, 5, 0.005399
summa, 2, 2, 4, mkl, 256, 256, 256, 2, 2, 512, 0.004657, 5, 0.000931
summa, 2, 2, 4, mkl, 256, 256, 256, 2, 2, 1024, 0.004554, 5, 0.000911
summa, 2, 4, 2, mkl, 256, 256, 256, 2, 4, 4, 0.031393, 5, 0.006279
summa, 2, 4, 2, mkl, 256, 256, 256, 2, 4, 8, 0.024093, 5, 0.004819
summa, 2, 4, 2, mkl, 256, 256, 256, 2, 4, 16, 0.021623, 5, 0.004325
summa, 2, 4, 2, mkl, 256, 256, 256, 2, 4, 32, 0.021529, 5, 0.004306
summa, 2, 4, 2, mkl, 256, 256, 256, 2, 4, 64, 0.023577, 5, 0.004715
summa, 2, 4, 2, mkl, 256, 256, 256, 2, 4, 128, 0.196604, 5, 0.039321
summa, 2, 4, 2, mkl, 256, 256, 256, 2, 4, 256, 0.210921, 5, 0.042184
summa, 2, 4, 2, mkl, 256, 256, 256, 2, 4, 512, 0.004479, 5, 0.000896
summa, 2, 4, 2, mkl, 256, 256, 256, 2, 4, 1024, 0.004529, 5, 0.000906
summa, 2, 8, 1, mkl, 256, 256, 256, 2, 8, 4, 0.023792, 5, 0.004758
summa, 2, 8, 1, mkl, 256, 256, 256, 2, 8, 8, 0.025977, 5, 0.005195
summa, 2, 8, 1, mkl, 256, 256, 256, 2, 8, 16, 0.023450, 5, 0.004690
summa, 2, 8, 1, mkl, 256, 256, 256, 2, 8, 32, 0.021937, 5, 0.004387
summa, 2, 8, 1, mkl, 256, 256, 256, 2, 8, 64, 0.204860, 5, 0.040972
summa, 2, 8, 1, mkl, 256, 256, 256, 2, 8, 128, 0.319495, 5, 0.063899
summa, 2, 8, 1, mkl, 256, 256, 256, 2, 8, 256, 0.252105, 5, 0.050421
summa, 2, 8, 1, mkl, 256, 256, 256, 2, 8, 512, 0.004790, 5, 0.000958
summa, 2, 8, 1, mkl, 256, 256, 256, 2, 8, 1024, 0.006318, 5, 0.001264
summa, 4, 8, 1, naive, 256, 256, 256, 4, 8, 4, 0.079836, 5, 0.015967
summa, 4, 8, 1, naive, 256, 256, 256, 4, 8, 8, 0.220992, 5, 0.044198
summa, 4, 8, 1, naive, 256, 256, 256, 4, 8, 16, 0.097899, 5, 0.019580
summa, 4, 8, 1, naive, 256, 256, 256, 4, 8, 32, 0.236401, 5, 0.047280
summa, 4, 8, 1, naive, 256, 256, 256, 4, 8, 64, 0.205445, 5, 0.041089
summa, 4, 8, 1, naive, 256, 256, 256, 4, 8, 128, 0.286408, 5, 0.057282
summa, 4, 8, 1, naive, 256, 256, 256, 4, 8, 256, 0.264841, 5, 0.052968
summa, 4, 8, 1, naive, 256, 256, 256, 4, 8, 512, 0.074336, 5, 0.014867
summa, 4, 8, 1, naive, 256, 256, 256, 4, 8, 1024, 0.024521, 5, 0.004904
summa, 4, 1, 8, openmp, 256, 256, 256, 4, 1, 4, 0.038114, 5, 0.007623
summa, 4, 1, 8, openmp, 256, 256, 256, 4, 1, 8, 0.217283, 5, 0.043457
summa, 4, 1, 8, openmp, 256, 256, 256, 4, 1, 16, 0.036297, 5, 0.007259
summa, 4, 1, 8, openmp, 256, 256, 256, 4, 1, 32, 0.104239, 5, 0.020848
summa, 4, 1, 8, openmp, 256, 256, 256, 4, 1, 64, 0.031664, 5, 0.006333
summa, 4, 1, 8, openmp, 256, 256, 256, 4, 1, 128, 0.037627, 5, 0.007525
summa, 4, 1, 8, openmp, 256, 256, 256, 4, 1, 256, 0.149454, 5, 0.029891
summa, 4, 1, 8, openmp, 256, 256, 256, 4, 1, 512, 0.003019, 5, 0.000604
summa, 4, 1, 8, openmp, 256, 256, 256, 4, 1, 1024, 0.003020, 5, 0.000604
summa, 4, 2, 4, openmp, 256, 256, 256, 4, 2, 4, 0.063302, 5, 0.012660
summa, 4, 2, 4, openmp, 256, 256, 256, 4, 2, 8, 0.039478, 5, 0.007896
summa, 4, 2, 4, openmp, 256, 256, 256, 4, 2, 16, 0.138386, 5, 0.027677
summa, 4, 2, 4, openmp, 256, 256, 256, 4, 2, 32, 0.093193, 5, 0.018639
summa, 4, 2, 4, openmp, 256, 256, 256, 4, 2, 64, 0.084635, 5, 0.016927
summa, 4, 2, 4, openmp, 256, 256, 256, 4, 2, 128, 0.047743, 5, 0.009549
summa, 4, 2, 4, openmp, 256, 256, 256, 4, 2, 256, 0.165803, 5, 0.033161
summa, 4, 2, 4, openmp, 256, 256, 256, 4, 2, 512, 0.005230, 5, 0.001046
summa, 4, 2, 4, openmp, 256, 256, 256, 4, 2, 1024, 0.011638, 5, 0.002328
summa, 4, 4, 2, openmp, 256, 256, 256, 4, 4, 4, 0.052763, 5, 0.010553
summa, 4, 4, 2, openmp, 256, 256, 256, 4, 4, 8, 0.089903, 5, 0.017981
summa, 4, 4, 2, openmp, 256, 256, 256, 4, 4, 16, 0.072113, 5, 0.014423
summa, 4, 4, 2, openmp, 256, 256, 256, 4, 4, 32, 0.048796, 5, 0.009759
summa, 4, 4, 2, openmp, 256, 256, 256, 4, 4, 64, 0.065824, 5, 0.013165
summa, 4, 4, 2, openmp, 256, 256, 256, 4, 4, 128, 0.275268, 5, 0.055054
summa, 4, 4, 2, openmp, 256, 256, 256, 4, 4, 256, 0.400057, 5, 0.080011
summa, 4, 4, 2, openmp, 256, 256, 256, 4, 4, 512, 0.005438, 5, 0.001088
summa, 4, 4, 2, openmp, 256, 256, 256, 4, 4, 1024, 0.009687, 5, 0.001937
summa, 4, 8, 1, openmp, 256, 256, 256, 4, 8, 4, 0.128395, 5, 0.025679
summa, 4, 8, 1, openmp, 256, 256, 256, 4, 8, 8, 0.217333, 5, 0.043467
summa, 4, 8, 1, openmp, 256, 256, 256, 4, 8, 16, 0.186612, 5, 0.037322
summa, 4, 8, 1, openmp, 256, 256, 256, 4, 8, 32, 0.087231, 5, 0.017446
summa, 4, 8, 1, openmp, 256, 256, 256, 4, 8, 64, 0.374243, 5, 0.074849
summa, 4, 8, 1, openmp, 256, 256, 256, 4, 8, 128, 0.363593, 5, 0.072719
summa, 4, 8, 1, openmp, 256, 256, 256, 4, 8, 256, 0.424220, 5, 0.084844
summa, 4, 8, 1, openmp, 256, 256, 256, 4, 8, 512, 0.023855, 5, 0.004771
summa, 4, 8, 1, openmp, 256, 256, 256, 4, 8, 1024, 0.034095, 5, 0.006819
summa, 4, 1, 8, mkl, 256, 256, 256, 4, 1, 4, 0.033033, 5, 0.006607
summa, 4, 1, 8, mkl, 256, 256, 256, 4, 1, 8, 0.031161, 5, 0.006232
summa, 4, 1, 8, mkl, 256, 256, 256, 4, 1, 16, 0.032202, 5, 0.006440
summa, 4, 1, 8, mkl, 256, 256, 256, 4, 1, 32, 0.028879, 5, 0.005776
summa, 4, 1, 8, mkl, 256, 256, 256, 4, 1, 64, 0.030612, 5, 0.006122
summa, 4, 1, 8, mkl, 256, 256, 256, 4, 1, 128, 0.030478, 5, 0.006096
summa, 4, 1, 8, mkl, 256, 256, 256, 4, 1, 256, 0.037548, 5, 0.007510
summa, 4, 1, 8, mkl, 256, 256, 256, 4, 1, 512, 0.003054, 5, 0.000611
summa, 4, 1, 8, mkl, 256, 256, 256, 4, 1, 1024, 0.003020, 5, 0.000604
summa, 4, 2, 4, mkl, 256, 256, 256, 4, 2, 4, 0.046862, 5, 0.009372
summa, 4, 2, 4, mkl, 256, 256, 256, 4, 2, 8, 0.034496, 5, 0.006899
summa, 4, 2, 4, mkl, 256, 256, 256, 4, 2, 16, 0.032374, 5, 0.006475
summa, 4, 2, 4, mkl, 256, 256, 256, 4, 2, 32, 0.029981, 5, 0.005996
summa, 4, 2, 4, mkl, 256, 256, 256, 4, 2, 64, 0.037792, 5, 0.007558
summa, 4, 2, 4, mkl, 256, 256, 256, 4, 2, 128, 0.036685, 5, 0.007337
summa, 4, 2, 4, mkl, 256, 256, 256, 4, 2, 256, 0.130807, 5, 0.026161
summa, 4, 2, 4, mkl, 256, 256, 256, 4, 2, 512, 0.008006, 5, 0.001601
summa, 4, 2, 4, mkl, 256, 256, 256, 4, 2, 1024, 0.005253, 5, 0.001051
summa, 4, 4, 2, mkl, 256, 256, 256, 4, 4, 4, 0.039408, 5, 0.007882
summa, 4, 4, 2, mkl, 256, 256, 256, 4, 4, 8, 0.039838, 5, 0.007968
summa, 4, 4, 2, mkl, 256, 256, 256, 4, 4, 16, 0.069908, 5, 0.013982
summa, 4, 4, 2, mkl, 256, 256, 256, 4, 4, 32, 0.058787, 5, 0.011757
summa, 4, 4, 2, mkl, 256, 256, 256, 4, 4, 64, 0.071783, 5, 0.014357
summa, 4, 4, 2, mkl, 256, 256, 256, 4, 4, 128, 0.136469, 5, 0.027294
summa, 4, 4, 2, mkl, 256, 256, 256, 4, 4, 256, 0.235858, 5, 0.047172
summa, 4, 4, 2, mkl, 256, 256, 256, 4, 4, 512, 0.004961, 5, 0.000992
summa, 4, 4, 2, mkl, 256, 256, 256, 4, 4, 1024, 0.005917, 5, 0.001183
summa, 4, 8, 1, mkl, 256, 256, 256, 4, 8, 4, 0.077637, 5, 0.015527
summa, 4, 8, 1, mkl, 256, 256, 256, 4, 8, 8, 0.055862, 5, 0.011172
summa, 4, 8, 1, mkl, 256, 256, 256, 4, 8, 16, 0.054244, 5, 0.010849
summa, 4, 8, 1, mkl, 256, 256, 256, 4, 8, 32, 0.069990, 5, 0.013998
summa, 4, 8, 1, mkl, 256, 256, 256, 4, 8, 64, 0.178374, 5, 0.035675
summa, 4, 8, 1, mkl, 256, 256, 256, 4, 8, 128, 0.231102, 5, 0.046220
summa, 4, 8, 1, mkl, 256, 256, 256, 4, 8, 256, 0.240563, 5, 0.048113
summa, 4, 8, 1, mkl, 256, 256, 256, 4, 8, 512, 0.006732, 5, 0.001346
summa, 4, 8, 1, mkl, 256, 256, 256, 4, 8, 1024, 0.006399, 5, 0.001280
summa, 8, 8, 1, naive, 256, 256, 256, 8, 8, 4, 0.248290, 5, 0.049658
summa, 8, 8, 1, summa, 8, 8, 1, naive, 256, 256, 256, 8, 8, 16, 0.248108, 5, 0.049622
summa, 8, 8, 1, naive, 256, 256, 256, 8, 8, 32, 0.168223, 5, 0.033645
summa, 8, 8, 1, naive, 256, 256, 256, 8, 8, 64, 0.268738, 5, 0.053748
summa, 8, 8, 1, naive, 256, 256, 256, 8, 8, 128, 0.380701, 5, 0.076140
summa, 8, 8, 1, naive, 256, 256, 256, 8, 8, 256, 0.318116, 5, 0.063623
summa, 8, 8, 1, naive, 256, 256, 256, 8, 8, 512, 0.054317, 5, 0.010863
summa, 8, 8, 1, naive, 256, 256, 256, 8, 8, 1024, 0.005041, 5, 0.001008
summa, 8, 1, 8, openmp, 256, 256, 256, 8, 1, 4, 0.251823, 5, 0.050365
summa, 8, 1, 8, openmp, 256, 256, 256, 8, 1, 8, 0.149734, 5, 0.029947
summa, 8, 1, 8, openmp, 256, 256, 256, 8, 1, 16, 0.078355, 5, 0.015671
summa, 8, 1, 8, openmp, 256, 256, 256, 8, 1, 32, 0.213561, 5, 0.042712
summa, 8, 1, 8, openmp, 256, 256, 256, 8, 1, 64, 0.168682, 5, 0.033736
summa, 8, 1, 8, openmp, 256, 256, 256, 8, 1, 128, 0.056324, 5, 0.011265
summa, 8, 1, 8, openmp, 256, 256, 256, 8, 1, 256, 0.055868, 5, 0.011174
summa, 8, 1, 8, openmp, 256, 256, 256, 8, 1, 512, 0.003796, 5, 0.000759
summa, 8, 1, 8, openmp, 256, 256, 256, 8, 1, 1024, 0.003498, 5, 0.000700
summa, 8, 2, 4, openmp, 256, 256, 256, 8, 2, 4, 0.077751, 5, 0.015550
summa, 8, 2, 4, openmp, 256, 256, 256, 8, 2, 8, 0.199344, 5, 0.039869
summa, 8, 2, 4, openmp, 256, 256, 256, 8, 2, 16, 0.062523, 5, 0.012505
summa, 8, 2, 4, openmp, 256, 256, 256, 8, 2, 32, 0.084025, 5, 0.016805
summa, 8, 2, 4, openmp, 256, 256, 256, 8, 2, 64, 0.086626, 5, 0.017325
summa, 8, 2, 4, openmp, 256, 256, 256, 8, 2, 128, 0.077401, 5, 0.015480
summa, 8, 2, 4, openmp, 256, 256, 256, 8, 2, 256, 0.167235, 5, 0.033447
summa, 8, 2, 4, openmp, 256, 256, 256, 8, 2, 512, 0.006302, 5, 0.001260
summa, 8, 2, 4, openmp, 256, 256, 256, 8, 2, 1024, 0.023141, 5, 0.004628
summa, 8, 4, 2, openmp, 256, 256, 256, 8, 4, 4, 0.243509, 5, 0.048702
summa, 8, 4, 2, openmp, 256, 256, 256, 8, 4, 8, 0.232447, 5, 0.046489
summa, 8, 4, 2, openmp, 256, 256, 256, 8, 4, 16, 0.173453, 5, 0.034691
summa, 8, 4, 2, openmp, 256, 256, 256, 8, 4, 32, 0.262326, 5, 0.052465
summa, 8, 4, 2, openmp, 256, 256, 256, 8, 4, 64, 0.197276, 5, 0.039455
summa, 8, 4, 2, openmp, 256, 256, 256, 8, 4, 128, 0.294615, 5, 0.058923
summa, 8, 4, 2, openmp, 256, 256, 256, 8, 4, 256, 0.342049, 5, 0.068410
summa, 8, 4, 2, openmp, 256, 256, 256, 8, 4, 512, 0.071239, 5, 0.014248
summa, 8, 4, 2, openmp, 256, 256, 256, 8, 4, 1024, 0.015297, 5, 0.003059
summa, 8, 8, 1, openmp, 256, 256, 256, 8, 8, 4, 0.273960, 5, 0.054792
summa, 8, 8, 1, openmp, 256, 256, 256, 8, 8, 8, 0.242563, 5, 0.048513
summa, 8, 8, 1, openmp, 256, 256, 256, 8, 8, 16, 0.248129, 5, 0.049626
summa, 8, 8, 1, openmp, 256, 256, 256, 8, 8, 32, 0.249839, 5, 0.049968
summa, 8, 8, 1, openmp, 256, 256, 256, 8, 8, 64, 0.461746, 5, 0.092349
summa, 8, 8, 1, openmp, 256, 256, 256, 8, 8, 128, 0.325189, 5, 0.065038
summa, 8, 8, 1, openmp, 256, 256, 256, 8, 8, 256, 0.578311, 5, 0.115662
summa, 8, 8, 1, openmp, 256, 256, 256, 8, 8, 512, 0.101496, 5, 0.020299
summa, 8, 8, 1, openmp, 256, 256, 256, 8, 8, 1024, 0.059377, 5, 0.011875
summa, 8, 1, 8, mkl, 256, 256, 256, 8, 1, 4, 0.048364, 5, 0.009673
summa, 8, 1, 8, mkl, 256, 256, 256, 8, 1, 8, 0.140879, 5, 0.028176
summa, 8, 1, 8, mkl, 256, 256, 256, 8, 1, 16, 0.073290, 5, 0.014658
summa, 8, 1, 8, mkl, 256, 256, 256, 8, 1, 32, 0.052022, 5, 0.010404
summa, 8, 1, 8, mkl, 256, 256, 256, 8, 1, 64, 0.053981, 5, 0.010796
summa, 8, 1, 8, mkl, 256, 256, 256, 8, 1, 128, 0.053917, 5, 0.010783
summa, 8, 1, 8, mkl, 256, 256, 256, 8, 1, 256, 0.056366, 5, 0.011273
summa, 8, 1, 8, mkl, 256, 256, 256, 8, 1, 512, 0.003345, 5, 0.000669
summa, 8, 1, 8, mkl, 256, 256, 256, 8, 1, 1024, 0.003728, 5, 0.000746
summa, 8, 2, 4, mkl, 256, 256, 256, 8, 2, 4, 0.080757, 5, 0.016151
summa, 8, 2, 4, mkl, 256, 256, 256, 8, 2, 8, 0.070425, 5, 0.014085
summa, 8, 2, 4, mkl, 256, 256, 256, 8, 2, 16, 0.063495, 5, 0.012699
summa, 8, 2, 4, mkl, 256, 256, 256, 8, 2, 32, 0.065345, 5, 0.013069
summa, 8, 2, 4, mkl, 256, 256, 256, 8, 2, 64, 0.076085, 5, 0.015217
summa, 8, 2, 4, mkl, 256, 256, 256, 8, 2, 128, 0.224115, 5, 0.044823
summa, 8, 2, 4, mkl, 256, 256, 256, 8, 2, 256, 0.208358, 5, 0.041672
summa, 8, 2, 4, mkl, 256, 256, 256, 8, 2, 512, 0.006356, 5, 0.001271
summa, 8, 2, 4, mkl, 256, 256, 256, 8, 2, 1024, 0.007106, 5, 0.001421
summa, 8, 4, 2, mkl, 256, 256, 256, 8, 4, 4, 0.089556, 5, 0.017911
summa, 8, 4, 2, mkl, 256, 256, 256, 8, 4, 8, 0.091239, 5, 0.018248
summa, 8, 4, 2, mkl, 256, 256, 256, 8, 4, 16, 0.424728, 5, 0.084946
summa, 8, 4, 2, mkl, 256, 256, 256, 8, 4, 32, 0.220945, 5, 0.044189
summa, 8, 4, 2, mkl, 256, 256, 256, 8, 4, 64, 0.246377, 5, 0.049275
summa, 8, 4, 2, mkl, 256, 256, 256, 8, 4, 128, 0.276691, 5, 0.055338
summa, 8, 4, 2, mkl, 256, 256, 256, 8, 4, 256, 0.172418, 5, 0.034484
summa, 8, 4, 2, mkl, 256, 256, 256, 8, 4, 512, 0.031544, 5, 0.006309
summa, 8, 4, 2, mkl, 256, 256, 256, 8, 4, 1024, 0.007604, 5, 0.001521
summa, 8, 8, 1, mkl, 256, 256, 256, 8, 8, 4, 0.323896, 5, 0.064779
summa, 8, 8, 1, mkl, 256, 256, 256, 8, 8, 8, 0.199927, 5, 0.039985
summa, 8, 8, 1, mkl, 256, 256, 256, 8, 8, 16, 0.240277, 5, 0.048055
summa, 8, 8, 1, mkl, 256, 256, 256, 8, 8, 32, 0.247442, 5, 0.049488
summa, 8, 8, 1, mkl, 256, 256, 256, 8, 8, 64, 0.266341, 5, 0.053268
summa, 8, 8, 1, mkl, 256, 256, 256, 8, 8, 128, 0.373442, 5, 0.074688
summa, 8, 8, 1, mkl, 256, 256, 256, 8, 8, 256, 0.251345, 5, 0.050269
summa, 8, 8, 1, mkl, 256, 256, 256, 8, 8, 512, 0.046426, 5, 0.009285
summa, 8, 8, 1, mkl, 256, 256, 256, 8, 8, 1024, 0.054974, 5, 0.010995
summa, 1, 8, 1, naive, 512, 512, 512, 1, 8, 4, 0.410554, 5, 0.082111
summa, 1, 8, 1, naive, 512, 512, 512, 1, 8, 8, 0.281770, 5, 0.056354
summa, 1, 8, 1, naive, 512, 512, 512, 1, 8, 16, 0.215961, 5, 0.043192
summa, 1, 8, 1, naive, 512, 512, 512, 1, 8, 32, 0.297986, 5, 0.059597
summa, 1, 8, 1, naive, 512, 512, 512, 1, 8, 64, 0.341291, 5, 0.068258
summa, 1, 8, 1, naive, 512, 512, 512, 1, 8, 128, 0.600448, 5, 0.120090
summa, 1, 8, 1, naive, 512, 512, 512, 1, 8, 256, 0.397116, 5, 0.079423
summa, 1, 8, 1, summa, 1, 8, 1, naive, 512, 512, 512, 1, 8, 1024, 0.001829, 5, 0.000366
summa, 1, 1, 8, openmp, 512, 512, 512, 1, 1, 4, 0.408356, 5, 0.081671
summa, 1, 1, 8, openmp, 512, 512, 512, 1, 1, 8, 0.222082, 5, 0.044416
summa, 1, 1, 8, openmp, 512, 512, 512, 1, 1, 16, 0.195588, 5, 0.039118
summa, 1, 1, 8, openmp, 512, 512, 512, 1, 1, 32, 0.277840, 5, 0.055568
summa, 1, 1, 8, openmp, 512, 512, 512, 1, 1, 64, 0.261433, 5, 0.052287
summa, 1, 1, 8, openmp, 512, 512, 512, 1, 1, 128, 0.305813, 5, 0.061163
summa, 1, 1, 8, openmp, 512, 512, 512, 1, 1, 256, 0.329016, 5, 0.065803
summa, 1, 1, 8, openmp, 512, 512, 512, 1, 1, 512, 1.774947, 5, 0.354989
summa, 1, 1, 8, openmp, 512, 512, 512, 1, 1, 1024, 0.001616, 5, 0.000323
summa, 1, 2, 4, openmp, 512, 512, 512, 1, 2, 4, 0.172031, 5, 0.034406
summa, 1, 2, 4, openmp, 512, 512, 512, 1, 2, 8, 0.229482, 5, 0.045896
summa, 1, 2, 4, openmp, 512, 512, 512, 1, 2, 16, 0.296860, 5, 0.059372
summa, 1, 2, 4, openmp, 512, 512, 512, 1, 2, 32, 0.242950, 5, 0.048590
summa, 1, 2, 4, openmp, 512, 512, 512, 1, 2, 64, 0.235785, 5, 0.047157
summa, 1, 2, 4, openmp, 512, 512, 512, 1, 2, 128, 0.322074, 5, 0.064415
summa, 1, 2, 4, openmp, 512, 512, 512, 1, 2, 256, 0.279617, 5, 0.055923
summa, 1, 2, 4, openmp, 512, 512, 512, 1, 2, 512, 0.297904, 5, 0.059581
summa, 1, 2, 4, openmp, 512, 512, 512, 1, 2, 1024, 0.001950, 5, 0.000390
summa, 1, 4, 2, openmp, 512, 512, 512, 1, 4, 4, 0.228887, 5, 0.045777
summa, 1, 4, 2, openmp, 512, 512, 512, 1, 4, 8, 0.214432, 5, 0.042886
summa, 1, 4, 2, openmp, 512, 512, 512, 1, 4, 16, 0.205295, 5, 0.041059
summa, 1, 4, 2, openmp, 512, 512, 512, 1, 4, 32, 0.464976, 5, 0.092995
summa, 1, 4, 2, openmp, 512, 512, 512, 1, 4, 64, 0.315735, 5, 0.063147
summa, 1, 4, 2, openmp, 512, 512, 512, 1, 4, 128, 0.491095, 5, 0.098219
summa, 1, 4, 2, openmp, 512, 512, 512, 1, 4, 256, 0.384289, 5, 0.076858
summa, 1, 4, 2, summa, 1, 4, 2, openmp, 512, 512, 512, 1, 4, 1024, 0.014927, 5, 0.002985
summa, 1, 8, 1, openmp, 512, 512, 512, 1, 8, 4, 0.360985, 5, 0.072197
summa, 1, 8, 1, openmp, 512, 512, 512, 1, 8, 8, 0.319530, 5, 0.063906
summa, 1, 8, 1, openmp, 512, 512, 512, 1, 8, 16, 0.285187, 5, 0.057037
summa, 1, 8, 1, openmp, 512, 512, 512, 1, 8, 32, 0.322998, 5, 0.064600
summa, 1, 8, 1, openmp, 512, 512, 512, 1, 8, 64, 0.367043, 5, 0.073409
summa, 1, 8, 1, openmp, 512, 512, 512, 1, 8, 128, 0.674243, 5, 0.134849
summa, 1, 8, 1, openmp, 512, 512, 512, 1, 8, 256, 0.591472, 5, 0.118294
summa, 1, 8, 1, summa, 1, 8, 1, openmp, 512, 512, 512, 1, 8, 1024, 0.002376, 5, 0.000475
summa, 1, 1, 8, mkl, 512, 512, 512, 1, 1, 4, 0.453222, 5, 0.090644
summa, 1, 1, 8, mkl, 512, 512, 512, 1, 1, 8, 0.080237, 5, 0.016047
summa, 1, 1, 8, mkl, 512, 512, 512, 1, 1, 16, 0.063338, 5, 0.012668
summa, 1, 1, 8, mkl, 512, 512, 512, 1, 1, 32, 0.056247, 5, 0.011249
summa, 1, 1, 8, mkl, 512, 512, 512, 1, 1, 64, 0.052662, 5, 0.010532
summa, 1, 1, 8, mkl, 512, 512, 512, 1, 1, 128, 0.055127, 5, 0.011025
summa, 1, 1, 8, mkl, 512, 512, 512, 1, 1, 256, 0.057816, 5, 0.011563
summa, 1, 1, 8, mkl, 512, 512, 512, 1, 1, 512, 0.047896, 5, 0.009579
summa, 1, 1, 8, mkl, 512, 512, 512, 1, 1, 1024, 0.001842, 5, 0.000368
summa, 1, 2, 4, mkl, 512, 512, 512, 1, 2, 4, 0.255453, 5, 0.051091
summa, 1, 2, 4, mkl, 512, 512, 512, 1, 2, 8, 0.082427, 5, 0.016485
summa, 1, 2, 4, mkl, 512, 512, 512, 1, 2, 16, 0.069764, 5, 0.013953
summa, 1, 2, 4, mkl, 512, 512, 512, 1, 2, 32, 0.060204, 5, 0.012041
summa, 1, 2, 4, mkl, 512, 512, 512, 1, 2, 64, 0.057793, 5, 0.011559
summa, 1, 2, 4, mkl, 512, 512, 512, 1, 2, 128, 0.074099, 5, 0.014820
summa, 1, 2, 4, mkl, 512, 512, 512, 1, 2, 256, 0.056551, 5, 0.011310
summa, 1, 2, 4, mkl, 512, 512, 512, 1, 2, 512, 0.064206, 5, 0.012841
summa, 1, 2, 4, mkl, 512, 512, 512, 1, 2, 1024, 0.002280, 5, 0.000456
summa, 1, 4, 2, mkl, 512, 512, 512, 1, 4, 4, 0.146750, 5, 0.029350
summa, 1, 4, 2, mkl, 512, 512, 512, 1, 4, 8, 0.084393, 5, 0.016879
summa, 1, 4, 2, mkl, 512, 512, 512, 1, 4, 16, 0.071137, 5, 0.014227
summa, 1, 4, 2, mkl, 512, 512, 512, 1, 4, 32, 0.065988, 5, 0.013198
summa, 1, 4, 2, mkl, 512, 512, 512, 1, 4, 64, 0.070153, 5, 0.014031
summa, 1, 4, 2, mkl, 512, 512, 512, 1, 4, 128, 0.057844, 5, 0.011569
summa, 1, 4, 2, mkl, 512, 512, 512, 1, 4, 256, 0.097466, 5, 0.019493
summa, 1, 4, 2, summa, 1, 4, 2, mkl, 512, 512, 512, 1, 4, 1024, 0.002162, 5, 0.000432
summa, 1, 8, 1, mkl, 512, 512, 512, 1, 8, 4, 0.104219, 5, 0.020844
summa, 1, 8, 1, mkl, 512, 512, 512, 1, 8, 8, 0.134875, 5, 0.026975
summa, 1, 8, 1, mkl, 512, 512, 512, 1, 8, 16, 0.096479, 5, 0.019296
summa, 1, 8, 1, mkl, 512, 512, 512, 1, 8, 32, 0.118406, 5, 0.023681
summa, 1, 8, 1, mkl, 512, 512, 512, 1, 8, 64, 0.103721, 5, 0.020744
summa, 1, 8, 1, mkl, 512, 512, 512, 1, 8, 128, 0.123485, 5, 0.024697
summa, 1, 8, 1, mkl, 512, 512, 512, 1, 8, 256, 0.232188, 5, 0.046438
summa, 1, 8, 1, summa, 1, 8, 1, mkl, 512, 512, 512, 1, 8, 1024, 0.004130, 5, 0.000826
summa, 2, 8, 1, naive, 512, 512, 512, 2, 8, 4, 0.294705, 5, 0.058941
summa, 2, 8, 1, naive, 512, 512, 512, 2, 8, 8, 0.213979, 5, 0.042796
summa, 2, 8, 1, naive, 512, 512, 512, 2, 8, 16, 0.214681, 5, 0.042936
summa, 2, 8, 1, naive, 512, 512, 512, 2, 8, 32, 0.267915, 5, 0.053583
summa, 2, 8, 1, naive, 512, 512, 512, 2, 8, 64, 0.298755, 5, 0.059751
summa, 2, 8, 1, naive, 512, 512, 512, 2, 8, 128, 0.335190, 5, 0.067038
summa, 2, 8, 1, naive, 512, 512, 512, 2, 8, 256, 0.584955, 5, 0.116991
summa, 2, 8, 1, naive, 512, 512, 512, 2, 8, 512, 0.400315, 5, 0.080063
summa, 2, 8, 1, naive, 512, 512, 512, 2, 8, 1024, 0.027521, 5, 0.005504
summa, 2, 1, 8, openmp, 512, 512, 512, 2, 1, 4, 0.441829, 5, 0.088366
summa, 2, 1, 8, openmp, 512, 512, 512, 2, 1, 8, 0.213121, 5, 0.042624
summa, 2, 1, 8, openmp, 512, 512, 512, 2, 1, 16, 0.244896, 5, 0.048979
summa, 2, 1, 8, openmp, 512, 512, 512, 2, 1, 32, 0.203803, 5, 0.040761
summa, 2, 1, 8, openmp, 512, 512, 512, 2, 1, 64, 0.275087, 5, 0.055017
summa, 2, 1, 8, openmp, 512, 512, 512, 2, 1, 128, 0.176765, 5, 0.035353
summa, 2, 1, 8, openmp, 512, 512, 512, 2, 1, 256, 0.221945, 5, 0.044389
summa, 2, 1, 8, openmp, 512, 512, 512, 2, 1, 512, 0.264384, 5, 0.052877
summa, 2, 1, 8, openmp, 512, 512, 512, 2, 1, 1024, 0.002593, 5, 0.000519
summa, 2, 2, 4, openmp, 512, 512, 512, 2, 2, 4, 0.187538, 5, 0.037508
summa, 2, 2, 4, openmp, 512, 512, 512, 2, 2, 8, 0.254474, 5, 0.050895
summa, 2, 2, 4, openmp, 512, 512, 512, 2, 2, 16, 0.196114, 5, 0.039223
summa, 2, 2, 4, openmp, 512, 512, 512, 2, 2, 32, 0.254016, 5, 0.050803
summa, 2, 2, 4, openmp, 512, 512, 512, 2, 2, 64, 0.200634, 5, 0.040127
summa, 2, 2, 4, openmp, 512, 512, 512, 2, 2, 128, 0.187363, 5, 0.037473
summa, 2, 2, 4, openmp, 512, 512, 512, 2, 2, 256, 0.496314, 5, 0.099263
summa, 2, 2, 4, openmp, 512, 512, 512, 2, 2, 512, 0.206412, 5, 0.041282
summa, 2, 2, 4, openmp, 512, 512, 512, 2, 2, 1024, 0.004607, 5, 0.000921
summa, 2, 4, 2, openmp, 512, 512, 512, 2, 4, 4, 0.320436, 5, 0.064087
summa, 2, 4, 2, openmp, 512, 512, 512, 2, 4, 8, 0.187545, 5, 0.037509
summa, 2, 4, 2, openmp, 512, 512, 512, 2, 4, 16, 0.193811, 5, 0.038762
summa, 2, 4, 2, openmp, 512, 512, 512, 2, 4, 32, 0.168953, 5, 0.033791
summa, 2, 4, 2, openmp, 512, 512, 512, 2, 4, 64, 0.250605, 5, 0.050121
summa, 2, 4, 2, openmp, 512, 512, 512, 2, 4, 128, 0.463613, 5, 0.092723
summa, 2, 4, 2, openmp, 512, 512, 512, 2, 4, 256, 0.377544, 5, 0.075509
summa, 2, 4, 2, openmp, 512, 512, 512, 2, 4, 512, 0.401722, 5, 0.080344
summa, 2, 4, 2, openmp, 512, 512, 512, 2, 4, 1024, 0.004401, 5, 0.000880
summa, 2, 8, 1, openmp, 512, 512, 512, 2, 8, 4, 0.325750, 5, 0.065150
summa, 2, 8, 1, openmp, 512, 512, 512, 2, 8, 8, 0.290475, 5, 0.058095
summa, 2, 8, 1, openmp, 512, 512, 512, 2, 8, 16, 0.232888, 5, 0.046578
summa, 2, 8, 1, openmp, 512, 512, 512, 2, 8, 32, 0.353954, 5, 0.070791
summa, 2, 8, 1, openmp, 512, 512, 512, 2, 8, 64, 0.401759, 5, 0.080352
summa, 2, 8, 1, openmp, 512, 512, 512, 2, 8, 128, 0.382943, 5, 0.076589
summa, 2, 8, 1, openmp, 512, 512, 512, 2, 8, 256, 0.495709, 5, 0.099142
summa, 2, 8, 1, openmp, 512, 512, 512, 2, 8, 512, 0.492046, 5, 0.098409
summa, 2, 8, 1, openmp, 512, 512, 512, 2, 8, 1024, 0.007237, 5, 0.001447
summa, 2, 1, 8, mkl, 512, 512, 512, 2, 1, 4, 0.241138, 5, 0.048228
summa, 2, 1, 8, mkl, 512, 512, 512, 2, 1, 8, 0.080068, 5, 0.016014
summa, 2, 1, 8, mkl, 512, 512, 512, 2, 1, 16, 0.060084, 5, 0.012017
summa, 2, 1, 8, mkl, 512, 512, 512, 2, 1, 32, 0.053970, 5, 0.010794
summa, 2, 1, 8, mkl, 512, 512, 512, 2, 1, 64, 0.050424, 5, 0.010085
summa, 2, 1, 8, mkl, 512, 512, 512, 2, 1, 128, 0.050090, 5, 0.010018
summa, 2, 1, 8, mkl, 512, 512, 512, 2, 1, 256, 0.072978, 5, 0.014596
summa, 2, 1, 8, mkl, 512, 512, 512, 2, 1, 512, 0.068891, 5, 0.013778
summa, 2, 1, 8, mkl, 512, 512, 512, 2, 1, 1024, 0.002571, 5, 0.000514
summa, 2, 2, 4, mkl, 512, 512, 512, 2, 2, 4, 0.241521, 5, 0.048304
summa, 2, 2, 4, mkl, 512, 512, 512, 2, 2, 8, 0.060109, 5, 0.012022
summa, 2, 2, 4, mkl, 512, 512, 512, 2, 2, 16, 0.069822, 5, 0.013964
summa, 2, 2, 4, mkl, 512, 512, 512, 2, 2, 32, 0.048016, 5, 0.009603
summa, 2, 2, 4, mkl, 512, 512, 512, 2, 2, 64, 0.061835, 5, 0.012367
summa, 2, 2, 4, mkl, 512, 512, 512, 2, 2, 128, 0.067302, 5, 0.013460
summa, 2, 2, 4, mkl, 512, 512, 512, 2, 2, 256, 0.065394, 5, 0.013079
summa, 2, 2, 4, mkl, 512, 512, 512, 2, 2, 512, 0.058502, 5, 0.011700
summa, 2, 2, 4, mkl, 512, 512, 512, 2, 2, 1024, 0.004296, 5, 0.000859
summa, 2, 4, 2, mkl, 512, 512, 512, 2, 4, 4, 0.121387, 5, 0.024277
summa, 2, 4, 2, mkl, 512, 512, 512, 2, 4, 8, 0.066778, 5, 0.013356
summa, 2, 4, 2, mkl, 512, 512, 512, 2, 4, 16, 0.053668, 5, 0.010734
summa, 2, 4, 2, mkl, 512, 512, 512, 2, 4, 32, 0.052511, 5, 0.010502
summa, 2, 4, 2, mkl, 512, 512, 512, 2, 4, 64, 0.051730, 5, 0.010346
summa, 2, 4, 2, mkl, 512, 512, 512, 2, 4, 128, 0.064703, 5, 0.012941
summa, 2, 4, 2, mkl, 512, 512, 512, 2, 4, 256, 0.062056, 5, 0.012411
summa, 2, 4, 2, mkl, 512, 512, 512, 2, 4, 512, 0.211845, 5, 0.042369
summa, 2, 4, 2, mkl, 512, 512, 512, 2, 4, 1024, 0.003169, 5, 0.000634
summa, 2, 8, 1, mkl, 512, 512, 512, 2, 8, 4, 0.108255, 5, 0.021651
summa, 2, 8, 1, mkl, 512, 512, 512, 2, 8, 8, 0.103878, 5, 0.020776
summa, 2, 8, 1, mkl, 512, 512, 512, 2, 8, 16, 0.072469, 5, 0.014494
summa, 2, 8, 1, mkl, 512, 512, 512, 2, 8, 32, 0.078023, 5, 0.015605
summa, 2, 8, 1, mkl, 512, 512, 512, 2, 8, 64, 0.081655, 5, 0.016331
summa, 2, 8, 1, mkl, 512, 512, 512, 2, 8, 128, 0.076978, 5, 0.015396
summa, 2, 8, 1, mkl, 512, 512, 512, 2, 8, 256, 0.291668, 5, 0.058334
summa, 2, 8, 1, mkl, 512, 512, 512, 2, 8, 512, 0.785291, 5, 0.157058
summa, 2, 8, 1, mkl, 512, 512, 512, 2, 8, 1024, 0.005046, 5, 0.001009
summa, 4, 8, 1, naive, 512, 512, 512, 4, 8, 4, 0.204916, 5, 0.040983
summa, 4, 8, 1, naive, 512, 512, 512, 4, 8, 8, 0.223712, 5, 0.044742
summa, 4, 8, 1, naive, 512, 512, 512, 4, 8, 16, 0.148618, 5, 0.029724
summa, 4, 8, 1, naive, 512, 512, 512, 4, 8, 32, 0.177185, 5, 0.035437
summa, 4, 8, 1, naive, 512, 512, 512, 4, 8, 64, 0.274261, 5, 0.054852
summa, 4, 8, 1, naive, 512, 512, 512, 4, 8, 128, 1.311469, 5, 0.262294
summa, 4, 8, 1, naive, 512, 512, 512, 4, 8, 256, 1.871569, 5, 0.374314
summa, 4, 8, 1, naive, 512, 512, 512, 4, 8, 512, 1.318693, 5, 0.263739
summa, 4, 8, 1, naive, 512, 512, 512, 4, 8, 1024, 0.011837, 5, 0.002367
summa, 4, 1, 8, openmp, 512, 512, 512, 4, 1, 4, 0.124247, 5, 0.024849
summa, 4, 1, 8, openmp, 512, 512, 512, 4, 1, 8, 0.170678, 5, 0.034136
summa, 4, 1, 8, openmp, 512, 512, 512, 4, 1, 16, 0.291170, 5, 0.058234
summa, 4, 1, 8, openmp, 512, 512, 512, 4, 1, 32, 0.283986, 5, 0.056797
summa, 4, 1, 8, openmp, 512, 512, 512, 4, 1, 64, 0.210697, 5, 0.042139
summa, 4, 1, 8, openmp, 512, 512, 512, 4, 1, 128, 0.104641, 5, 0.020928
summa, 4, 1, 8, openmp, 512, 512, 512, 4, 1, 256, 0.169295, 5, 0.033859
summa, 4, 1, 8, openmp, 512, 512, 512, 4, 1, 512, 0.201318, 5, 0.040264
summa, 4, 1, 8, openmp, 512, 512, 512, 4, 1, 1024, 0.003027, 5, 0.000605
summa, 4, 2, 4, openmp, 512, 512, 512, 4, 2, 4, 0.172942, 5, 0.034588
summa, 4, 2, 4, openmp, 512, 512, 512, 4, 2, 8, 0.104274, 5, 0.020855
summa, 4, 2, 4, openmp, 512, 512, 512, 4, 2, 16, 0.214800, 5, 0.042960
summa, 4, 2, 4, openmp, 512, 512, 512, 4, 2, 32, 0.172470, 5, 0.034494
summa, 4, 2, 4, openmp, 512, 512, 512, 4, 2, 64, 0.159650, 5, 0.031930
summa, 4, 2, 4, openmp, 512, 512, 512, 4, 2, 128, 0.174981, 5, 0.034996
summa, 4, 2, 4, openmp, 512, 512, 512, 4, 2, 256, 0.180627, 5, 0.036125
summa, 4, 2, 4, openmp, 512, 512, 512, 4, 2, 512, 0.189692, 5, 0.037938
summa, 4, 2, 4, openmp, 512, 512, 512, 4, 2, 1024, 0.005641, 5, 0.001128
summa, 4, 4, 2, openmp, 512, 512, 512, 4, 4, 4, 0.171155, 5, 0.034231
summa, 4, 4, 2, openmp, 512, 512, 512, 4, 4, 8, 0.166025, 5, 0.033205
summa, 4, 4, 2, openmp, 512, 512, 512, 4, 4, 16, 0.132555, 5, 0.026511
summa, 4, 4, 2, openmp, 512, 512, 512, 4, 4, 32, 0.444041, 5, 0.088808
summa, 4, 4, 2, openmp, 512, 512, 512, 4, 4, 64, 0.280068, 5, 0.056014
summa, 4, 4, 2, openmp, 512, 512, 512, 4, 4, 128, 0.419278, 5, 0.083856
summa, 4, 4, 2, openmp, 512, 512, 512, 4, 4, 256, 0.436939, 5, 0.087388
summa, 4, 4, 2, openmp, 512, 512, 512, 4, 4, 512, 0.371551, 5, 0.074310
summa, 4, 4, 2, openmp, 512, 512, 512, 4, 4, 1024, 0.005777, 5, 0.001155
summa, 4, 8, 1, openmp, 512, 512, 512, 4, 8, 4, 0.224546, 5, 0.044909
summa, 4, 8, 1, openmp, 512, 512, 512, 4, 8, 8, 0.224584, 5, 0.044917
summa, 4, 8, 1, openmp, 512, 512, 512, 4, 8, 16, 0.170411, 5, 0.034082
summa, 4, 8, 1, openmp, 512, 512, 512, 4, 8, 32, 0.292763, 5, 0.058553
summa, 4, 8, 1, openmp, 512, 512, 512, 4, 8, 64, 0.223955, 5, 0.044791
summa, 4, 8, 1, openmp, 512, 512, 512, 4, 8, 128, 1.462846, 5, 0.292569
summa, 4, 8, 1, openmp, 512, 512, 512, 4, 8, 256, 1.811142, 5, 0.362228
summa, 4, 8, 1, openmp, 512, 512, 512, 4, 8, 512, 1.240297, 5, 0.248059
summa, 4, 8, 1, openmp, 512, 512, 512, 4, 8, 1024, 0.021288, 5, 0.004258
summa, 4, 1, 8, mkl, 512, 512, 512, 4, 1, 4, 0.146855, 5, 0.029371
summa, 4, 1, 8, mkl, 512, 512, 512, 4, 1, 8, 0.075941, 5, 0.015188
summa, 4, 1, 8, mkl, 512, 512, 512, 4, 1, 16, 0.059117, 5, 0.011823
summa, 4, 1, 8, mkl, 512, 512, 512, 4, 1, 32, 0.112239, 5, 0.022448
summa, 4, 1, 8, mkl, 512, 512, 512, 4, 1, 64, 0.061822, 5, 0.012364
summa, 4, 1, 8, mkl, 512, 512, 512, 4, 1, 128, 0.067155, 5, 0.013431
summa, 4, 1, 8, mkl, 512, 512, 512, 4, 1, 256, 0.059765, 5, 0.011953
summa, 4, 1, 8, mkl, 512, 512, 512, 4, 1, 512, 0.067585, 5, 0.013517
summa, 4, 1, 8, mkl, 512, 512, 512, 4, 1, 1024, 0.002877, 5, 0.000575
summa, 4, 2, 4, mkl, 512, 512, 512, 4, 2, 4, 0.161505, 5, 0.032301
summa, 4, 2, 4, mkl, 512, 512, 512, 4, 2, 8, 0.058219, 5, 0.011644
summa, 4, 2, 4, mkl, 512, 512, 512, 4, 2, 16, 0.068242, 5, 0.013648
summa, 4, 2, 4, mkl, 512, 512, 512, 4, 2, 32, 0.072740, 5, 0.014548
summa, 4, 2, 4, mkl, 512, 512, 512, 4, 2, 64, 0.065041, 5, 0.013008
summa, 4, 2, 4, mkl, 512, 512, 512, 4, 2, 128, 0.070331, 5, 0.014066
summa, 4, 2, 4, mkl, 512, 512, 512, 4, 2, 256, 0.166593, 5, 0.033319
summa, 4, 2, 4, mkl, 512, 512, 512, 4, 2, 512, 0.109004, 5, 0.021801
summa, 4, 2, 4, mkl, 512, 512, 512, 4, 2, 1024, 0.006405, 5, 0.001281
summa, 4, 4, 2, mkl, 512, 512, 512, 4, 4, 4, 0.088990, 5, 0.017798
summa, 4, 4, 2, mkl, 512, 512, 512, 4, 4, 8, 0.079539, 5, 0.015908
summa, 4, 4, 2, mkl, 512, 512, 512, 4, 4, 16, 0.060570, 5, 0.012114
summa, 4, 4, 2, mkl, 512, 512, 512, 4, 4, 32, 0.237188, 5, 0.047438
summa, 4, 4, 2, mkl, 512, 512, 512, 4, 4, 64, 0.132604, 5, 0.026521
summa, 4, 4, 2, mkl, 512, 512, 512, 4, 4, 128, 0.087629, 5, 0.017526
summa, 4, 4, 2, mkl, 512, 512, 512, 4, 4, 256, 0.177779, 5, 0.035556
summa, 4, 4, 2, mkl, 512, 512, 512, 4, 4, 512, 0.349319, 5, 0.069864
summa, 4, 4, 2, mkl, 512, 512, 512, 4, 4, 1024, 0.006296, 5, 0.001259
summa, 4, 8, 1, mkl, 512, 512, 512, 4, 8, 4, 0.090045, 5, 0.018009
summa, 4, 8, 1, mkl, 512, 512, 512, 4, 8, 8, 0.144772, 5, 0.028954
summa, 4, 8, 1, mkl, 512, 512, 512, 4, 8, 16, 0.094120, 5, 0.018824
summa, 4, 8, 1, mkl, 512, 512, 512, 4, 8, 32, 0.207557, 5, 0.041511
summa, 4, 8, 1, mkl, 512, 512, 512, 4, 8, 64, 0.208765, 5, 0.041753
summa, 4, 8, 1, mkl, 512, 512, 512, 4, 8, 128, 0.907919, 5, 0.181584
summa, 4, 8, 1, mkl, 512, 512, 512, 4, 8, 256, 1.352728, 5, 0.270546
summa, 4, 8, 1, mkl, 512, 512, 512, 4, 8, 512, 0.973865, 5, 0.194773
summa, 4, 8, 1, mkl, 512, 512, 512, 4, 8, 1024, 0.005407, 5, 0.001081
summa, 8, 8, 1, naive, 512, 512, 512, 8, 8, 4, 0.318936, 5, 0.063787
summa, 8, 8, 1, naive, 512, 512, 512, 8, 8, 8, 0.347095, 5, 0.069419
summa, 8, 8, 1, naive, 512, 512, 512, 8, 8, 16, 0.301496, 5, 0.060299
summa, 8, 8, 1, naive, 512, 512, 512, 8, 8, 32, 0.302104, 5, 0.060421
summa, 8, 8, 1, naive, 512, 512, 512, 8, 8, 64, 0.275921, 5, 0.055184
summa, 8, 8, 1, naive, 512, 512, 512, 8, 8, 128, 0.844942, 5, 0.168988
summa, 8, 8, 1, naive, 512, 512, 512, 8, 8, 256, 1.213600, 5, 0.242720
summa, 8, 8, 1, naive, 512, 512, 512, 8, 8, 512, 1.346956, 5, 0.269391
summa, 8, 8, 1, naive, 512, 512, 512, 8, 8, 1024, 0.033605, 5, 0.006721
summa, 8, 1, 8, openmp, 512, 512, 512, 8, 1, 4, 0.158173, 5, 0.031635
summa, 8, 1, 8, openmp, 512, 512, 512, 8, 1, 8, 0.227621, 5, 0.045524
summa, 8, 1, 8, openmp, 512, 512, 512, 8, 1, 16, 0.266543, 5, 0.053309
summa, 8, 1, 8, openmp, 512, 512, 512, 8, 1, 32, 0.132983, 5, 0.026597
summa, 8, 1, 8, openmp, 512, 512, 512, 8, 1, 64, 0.244281, 5, 0.048856
summa, 8, 1, 8, openmp, 512, 512, 512, 8, 1, 128, 0.705103, 5, 0.141021
summa, 8, 1, 8, openmp, 512, 512, 512, 8, 1, 256, 0.204435, 5, 0.040887
summa, 8, 1, 8, openmp, 512, 512, 512, 8, 1, 512, 0.130916, 5, 0.026183
summa, 8, 1, 8, openmp, 512, 512, 512, 8, 1, 1024, 0.003511, 5, 0.000702
summa, 8, 2, 4, openmp, 512, 512, 512, 8, 2, 4, 0.135452, 5, 0.027090
summa, 8, 2, 4, openmp, 512, 512, 512, 8, 2, 8, 0.135375, 5, 0.027075
summa, 8, 2, 4, openmp, 512, 512, 512, 8, 2, 16, 0.127455, 5, 0.025491
summa, 8, 2, 4, openmp, 512, 512, 512, 8, 2, 32, 0.178944, 5, 0.035789
summa, 8, 2, 4, summa, 8, 2, 4, openmp, 512, 512, 512, 8, 2, 128, 0.139440, 5, 0.027888
summa, 8, 2, 4, openmp, 512, 512, 512, 8, 2, 256, 0.140558, 5, 0.028112
summa, 8, 2, 4, openmp, 512, 512, 512, 8, 2, 512, 0.155234, 5, 0.031047
summa, 8, 2, 4, openmp, 512, 512, 512, 8, 2, 1024, 0.011890, 5, 0.002378
summa, 8, 4, 2, openmp, 512, 512, 512, 8, 4, 4, 0.312911, 5, 0.062582
summa, 8, 4, 2, openmp, 512, 512, 512, 8, 4, 8, 0.175820, 5, 0.035164
summa, 8, 4, 2, openmp, 512, 512, 512, 8, 4, 16, 0.333383, 5, 0.066677
summa, 8, 4, 2, openmp, 512, 512, 512, 8, 4, 32, 0.344136, 5, 0.068827
summa, 8, 4, 2, summa, 8, 4, 2, openmp, 512, 512, 512, 8, 4, 128, 0.566092, 5, 0.113218
summa, 8, 4, 2, openmp, 512, 512, 512, 8, 4, 256, 1.082324, 5, 0.216465
summa, 8, 4, 2, openmp, 512, 512, 512, 8, 4, 512, 0.990219, 5, 0.198044
summa, 8, 4, 2, openmp, 512, 512, 512, 8, 4, 1024, 0.013066, 5, 0.002613
summa, 8, 8, 1, openmp, 512, 512, 512, 8, 8, 4, 0.219745, 5, 0.043949
summa, 8, 8, 1, openmp, 512, 512, 512, 8, 8, 8, 0.338866, 5, 0.067773
summa, 8, 8, 1, openmp, 512, 512, 512, 8, 8, 16, 0.360685, 5, 0.072137
summa, 8, 8, 1, openmp, 512, 512, 512, 8, 8, 32, 0.280075, 5, 0.056015
summa, 8, 8, 1, openmp, 512, 512, 512, 8, 8, 64, 1.033201, 5, 0.206640
summa, 8, 8, 1, openmp, 512, 512, 512, 8, 8, 128, 1.049472, 5, 0.209894
summa, 8, 8, 1, openmp, 512, 512, 512, 8, 8, 256, 1.425927, 5, 0.285185
summa, 8, 8, 1, openmp, 512, 512, 512, 8, 8, 512, 1.410612, 5, 0.282122
summa, 8, 8, 1, openmp, 512, 512, 512, 8, 8, 1024, 0.037947, 5, 0.007589
summa, 8, 1, 8, mkl, 512, 512, 512, 8, 1, 4, 0.120722, 5, 0.024144
summa, 8, 1, 8, mkl, 512, 512, 512, 8, 1, 8, 0.094654, 5, 0.018931
summa, 8, 1, 8, mkl, 512, 512, 512, 8, 1, 16, 0.102288, 5, 0.020458
summa, 8, 1, 8, mkl, 512, 512, 512, 8, 1, 32, 0.086681, 5, 0.017336
summa, 8, 1, 8, mkl, 512, 512, 512, 8, 1, 64, 0.195407, 5, 0.039081
summa, 8, 1, 8, mkl, 512, 512, 512, 8, 1, 128, 0.083369, 5, 0.016674
summa, 8, 1, 8, mkl, 512, 512, 512, 8, 1, 256, 0.091781, 5, 0.018356
summa, 8, 1, 8, mkl, 512, 512, 512, 8, 1, 512, 0.098067, 5, 0.019613
summa, 8, 1, 8, mkl, 512, 512, 512, 8, 1, 1024, 0.003537, 5, 0.000707
summa, 8, 2, 4, mkl, 512, 512, 512, 8, 2, 4, 0.143879, 5, 0.028776
summa, 8, 2, 4, mkl, 512, 512, 512, 8, 2, 8, 0.104527, 5, 0.020905
summa, 8, 2, 4, mkl, 512, 512, 512, 8, 2, 16, 0.105010, 5, 0.021002
summa, 8, 2, 4, mkl, 512, 512, 512, 8, 2, 32, 0.084603, 5, 0.016921
summa, 8, 2, 4, mkl, 512, 512, 512, 8, 2, 64, 0.089523, 5, 0.017905
summa, 8, 2, 4, mkl, 512, 512, 512, 8, 2, 128, 0.099088, 5, 0.019818
summa, 8, 2, 4, mkl, 512, 512, 512, 8, 2, 256, 0.106977, 5, 0.021395
summa, 8, 2, 4, mkl, 512, 512, 512, 8, 2, 512, 0.123964, 5, 0.024793
summa, 8, 2, 4, mkl, 512, 512, 512, 8, 2, 1024, 0.005464, 5, 0.001093
summa, 8, 4, 2, mkl, 512, 512, 512, 8, 4, 4, 0.126642, 5, 0.025328
summa, 8, 4, 2, mkl, 512, 512, 512, 8, 4, 8, 0.228236, 5, 0.045647
summa, 8, 4, 2, mkl, 512, 512, 512, 8, 4, 16, 0.109712, 5, 0.021942
summa, 8, 4, 2, mkl, 512, 512, 512, 8, 4, 32, 0.238400, 5, 0.047680
summa, 8, 4, 2, mkl, 512, 512, 512, 8, 4, 64, 0.126502, 5, 0.025300
summa, 8, 4, 2, mkl, 512, 512, 512, 8, 4, 128, 0.273688, 5, 0.054738
summa, 8, 4, 2, mkl, 512, 512, 512, 8, 4, 256, 0.775876, 5, 0.155175
summa, 8, 4, 2, mkl, 512, 512, 512, 8, 4, 512, 1.004338, 5, 0.200868
summa, 8, 4, 2, mkl, 512, 512, 512, 8, 4, 1024, 0.007403, 5, 0.001481
summa, 8, 8, 1, mkl, 512, 512, 512, 8, 8, 4, 0.200651, 5, 0.040130
summa, 8, 8, 1, mkl, 512, 512, 512, 8, 8, 8, 0.190524, 5, 0.038105
summa, 8, 8, 1, mkl, 512, 512, 512, 8, 8, 16, 0.202989, 5, 0.040598
summa, 8, 8, 1, mkl, 512, 512, 512, 8, 8, 32, 0.261654, 5, 0.052331
summa, 8, 8, 1, mkl, 512, 512, 512, 8, 8, 64, 0.339002, 5, 0.067800
summa, 8, 8, 1, mkl, 512, 512, 512, 8, 8, 128, 0.710634, 5, 0.142127
summa, 8, 8, 1, mkl, 512, 512, 512, 8, 8, 256, 1.091505, 5, 0.218301
summa, 8, 8, 1, mkl, 512, 512, 512, 8, 8, 512, 1.224211, 5, 0.244842
summa, 8, 8, 1, mkl, 512, 512, 512, 8, 8, 1024, 0.306307, 5, 0.061261
summa, 1, 8, 1, naive, 1024, 1024, 1024, 1, 8, 4, 2.410453, 5, 0.482091
summa, 1, 8, 1, naive, 1024, 1024, 1024, 1, 8, 8, 1.155131, 5, 0.231026
summa, 1, 8, 1, naive, 1024, 1024, 1024, 1, 8, 16, 1.204881, 5, 0.240976
summa, 1, 8, 1, naive, 1024, 1024, 1024, 1, 8, 32, 1.385872, 5, 0.277174
summa, 1, 8, 1, naive, 1024, 1024, 1024, 1, 8, 64, 1.883892, 5, 0.376778
summa, 1, 8, 1, naive, 1024, 1024, 1024, 1, 8, 128, 2.180192, 5, 0.436038
summa, 1, 8, 1, summa, 1, 8, 1, summa, 1, 8, 1, summa, 1, 1, 8, openmp, 1024, 1024, 1024, 1, 1, 4, 2.106087, 5, 0.421217
summa, 1, 1, 8, openmp, 1024, 1024, 1024, 1, 1, 8, 1.879974, 5, 0.375995
summa, 1, 1, 8, openmp, 1024, 1024, 1024, 1, 1, 16, 1.542061, 5, 0.308412
summa, 1, 1, 8, openmp, 1024, 1024, 1024, 1, 1, 32, 1.355173, 5, 0.271035
summa, 1, 1, 8, openmp, 1024, 1024, 1024, 1, 1, 64, 1.862512, 5, 0.372502
summa, 1, 1, 8, openmp, 1024, 1024, 1024, 1, 1, 128, 2.112184, 5, 0.422437
summa, 1, 1, 8, openmp, 1024, 1024, 1024, 1, 1, 256, 2.134650, 5, 0.426930
summa, 1, 1, 8, openmp, 1024, 1024, 1024, 1, 1, 512, 2.141512, 5, 0.428302
summa, 1, 1, 8, openmp, 1024, 1024, 1024, 1, 1, 1024, 2.173905, 5, 0.434781
summa, 1, 2, 4, openmp, 1024, 1024, 1024, 1, 2, 4, 1.291038, 5, 0.258208
summa, 1, 2, 4, openmp, 1024, 1024, 1024, 1, 2, 8, 1.176752, 5, 0.235350
summa, 1, 2, 4, openmp, 1024, 1024, 1024, 1, 2, 16, 1.118943, 5, 0.223789
summa, 1, 2, 4, openmp, 1024, 1024, 1024, 1, 2, 32, 1.352220, 5, 0.270444
summa, 1, 2, 4, openmp, 1024, 1024, 1024, 1, 2, 64, 1.892137, 5, 0.378427
summa, 1, 2, 4, openmp, 1024, 1024, 1024, 1, 2, 128, 2.099806, 5, 0.419961
summa, 1, 2, 4, openmp, 1024, 1024, 1024, 1, 2, 256, 2.285930, 5, 0.457186
summa, 1, 2, 4, openmp, 1024, 1024, 1024, 1, 2, 512, 2.157031, 5, 0.431406
summa, 1, 2, 4, openmp, 1024, 1024, 1024, 1, 2, 1024, 3.117225, 5, 0.623445
summa, 1, 4, 2, openmp, 1024, 1024, 1024, 1, 4, 4, 1.430970, 5, 0.286194
summa, 1, 4, 2, openmp, 1024, 1024, 1024, 1, 4, 8, 1.119471, 5, 0.223894
summa, 1, 4, 2, openmp, 1024, 1024, 1024, 1, 4, 16, 1.159481, 5, 0.231896
summa, 1, 4, 2, openmp, 1024, 1024, 1024, 1, 4, 32, 1.537458, 5, 0.307492
summa, 1, 4, 2, openmp, 1024, 1024, 1024, 1, 4, 64, 1.924493, 5, 0.384899
summa, 1, 4, 2, openmp, 1024, 1024, 1024, 1, 4, 128, 2.230562, 5, 0.446112
summa, 1, 4, 2, openmp, 1024, 1024, 1024, 1, 4, 256, 2.463791, 5, 0.492758
summa, 1, 4, 2, summa, 1, 4, 2, summa, 1, 8, 1, openmp, 1024, 1024, 1024, 1, 8, 4, 1.540887, 5, 0.308177
summa, 1, 8, 1, openmp, 1024, 1024, 1024, 1, 8, 8, 1.418824, 5, 0.283765
summa, 1, 8, 1, openmp, 1024, 1024, 1024, 1, 8, 16, 1.915974, 5, 0.383195
summa, 1, 8, 1, openmp, 1024, 1024, 1024, 1, 8, 32, 2.029792, 5, 0.405958
summa, 1, 8, 1, openmp, 1024, 1024, 1024, 1, 8, 64, 2.628564, 5, 0.525713
summa, 1, 8, 1, openmp, 1024, 1024, 1024, 1, 8, 128, 2.579094, 5, 0.515819
summa, 1, 8, 1, summa, 1, 8, 1, summa, 1, 8, 1, summa, 1, 1, 8, mkl, 1024, 1024, 1024, 1, 1, 4, 3.259734, 5, 0.651947
summa, 1, 1, 8, mkl, 1024, 1024, 1024, 1, 1, 8, 0.326285, 5, 0.065257
summa, 1, 1, 8, mkl, 1024, 1024, 1024, 1, 1, 16, 0.244672, 5, 0.048934
summa, 1, 1, 8, mkl, 1024, 1024, 1024, 1, 1, 32, 0.421502, 5, 0.084300
summa, 1, 1, 8, mkl, 1024, 1024, 1024, 1, 1, 64, 0.402832, 5, 0.080566
summa, 1, 1, 8, mkl, 1024, 1024, 1024, 1, 1, 128, 0.207705, 5, 0.041541
summa, 1, 1, 8, mkl, 1024, 1024, 1024, 1, 1, 256, 0.209468, 5, 0.041894
summa, 1, 1, 8, mkl, 1024, 1024, 1024, 1, 1, 512, 0.207107, 5, 0.041421
summa, 1, 1, 8, mkl, 1024, 1024, 1024, 1, 1, 1024, 0.176864, 5, 0.035373
summa, 1, 2, 4, mkl, 1024, 1024, 1024, 1, 2, 4, 1.244245, 5, 0.248849
summa, 1, 2, 4, mkl, 1024, 1024, 1024, 1, 2, 8, 0.315560, 5, 0.063112
summa, 1, 2, 4, mkl, 1024, 1024, 1024, 1, 2, 16, 0.258917, 5, 0.051783
summa, 1, 2, 4, mkl, 1024, 1024, 1024, 1, 2, 32, 0.231743, 5, 0.046349
summa, 1, 2, 4, mkl, 1024, 1024, 1024, 1, 2, 64, 0.210796, 5, 0.042159
summa, 1, 2, 4, mkl, 1024, 1024, 1024, 1, 2, 128, 0.194852, 5, 0.038970
summa, 1, 2, 4, mkl, 1024, 1024, 1024, 1, 2, 256, 0.212893, 5, 0.042579
summa, 1, 2, 4, mkl, 1024, 1024, 1024, 1, 2, 512, 0.214611, 5, 0.042922
summa, 1, 2, 4, mkl, 1024, 1024, 1024, 1, 2, 1024, 0.217125, 5, 0.043425
summa, 1, 4, 2, mkl, 1024, 1024, 1024, 1, 4, 4, 0.944531, 5, 0.188906
summa, 1, 4, 2, mkl, 1024, 1024, 1024, 1, 4, 8, 0.340408, 5, 0.068082
summa, 1, 4, 2, mkl, 1024, 1024, 1024, 1, 4, 16, 0.306128, 5, 0.061226
summa, 1, 4, 2, mkl, 1024, 1024, 1024, 1, 4, 32, 0.248113, 5, 0.049623
summa, 1, 4, 2, mkl, 1024, 1024, 1024, 1, 4, 64, 0.242980, 5, 0.048596
summa, 1, 4, 2, mkl, 1024, 1024, 1024, 1, 4, 128, 0.271102, 5, 0.054220
summa, 1, 4, 2, mkl, 1024, 1024, 1024, 1, 4, 256, 0.271727, 5, 0.054345
summa, 1, 4, 2, summa, 1, 4, 2, summa, 1, 8, 1, mkl, 1024, 1024, 1024, 1, 8, 4, 0.444673, 5, 0.088935
summa, 1, 8, 1, mkl, 1024, 1024, 1024, 1, 8, 8, 0.491297, 5, 0.098259
summa, 1, 8, 1, mkl, 1024, 1024, 1024, 1, 8, 16, 0.304431, 5, 0.060886
summa, 1, 8, 1, mkl, 1024, 1024, 1024, 1, 8, 32, 0.488452, 5, 0.097690
summa, 1, 8, 1, mkl, 1024, 1024, 1024, 1, 8, 64, 0.456903, 5, 0.091381
summa, 1, 8, 1, mkl, 1024, 1024, 1024, 1, 8, 128, 0.456335, 5, 0.091267
summa, 1, 8, 1, summa, 1, 8, 1, summa, 1, 8, 1, summa, 2, 8, 1, naive, 1024, 1024, 1024, 2, 8, 4, 1.592042, 5, 0.318408
summa, 2, 8, 1, naive, 1024, 1024, 1024, 2, 8, 8, 1.066318, 5, 0.213264
summa, 2, 8, 1, naive, 1024, 1024, 1024, 2, 8, 16, 1.295820, 5, 0.259164
summa, 2, 8, 1, naive, 1024, 1024, 1024, 2, 8, 32, 1.303464, 5, 0.260693
summa, 2, 8, 1, naive, 1024, 1024, 1024, 2, 8, 64, 2.041594, 5, 0.408319
summa, 2, 8, 1, naive, 1024, 1024, 1024, 2, 8, 128, 2.947122, 5, 0.589424
summa, 2, 8, 1, naive, 1024, 1024, 1024, 2, 8, 256, 1.583982, 5, 0.316796
summa, 2, 8, 1, summa, 2, 8, 1, summa, 2, 1, 8, openmp, 1024, 1024, 1024, 2, 1, 4, 1.255415, 5, 0.251083
summa, 2, 1, 8, openmp, 1024, 1024, 1024, 2, 1, 8, 1.123878, 5, 0.224776
summa, 2, 1, 8, openmp, 1024, 1024, 1024, 2, 1, 16, 1.038192, 5, 0.207638
summa, 2, 1, 8, openmp, 1024, 1024, 1024, 2, 1, 32, 2.033143, 5, 0.406629
summa, 2, 1, 8, openmp, 1024, 1024, 1024, 2, 1, 64, 1.298846, 5, 0.259769
summa, 2, 1, 8, openmp, 1024, 1024, 1024, 2, 1, 128, 1.554975, 5, 0.310995
summa, 2, 1, 8, openmp, 1024, 1024, 1024, 2, 1, 256, 1.875346, 5, 0.375069
summa, 2, 1, 8, openmp, 1024, 1024, 1024, 2, 1, 512, 1.679963, 5, 0.335993
summa, 2, 1, 8, openmp, 1024, 1024, 1024, 2, 1, 1024, 2.574079, 5, 0.514816
summa, 2, 2, 4, summa, 2, 2, 4, openmp, 1024, 1024, 1024, 2, 2, 8, 1.076741, 5, 0.215348
summa, 2, 2, 4, openmp, 1024, 1024, 1024, 2, 2, 16, 1.083508, 5, 0.216702
summa, 2, 2, 4, openmp, 1024, 1024, 1024, 2, 2, 32, 1.188857, 5, 0.237771
summa, 2, 2, 4, openmp, 1024, 1024, 1024, 2, 2, 64, 1.328085, 5, 0.265617
summa, 2, 2, 4, openmp, 1024, 1024, 1024, 2, 2, 128, 1.725814, 5, 0.345163
summa, 2, 2, 4, openmp, 1024, 1024, 1024, 2, 2, 256, 1.748710, 5, 0.349742
summa, 2, 2, 4, openmp, 1024, 1024, 1024, 2, 2, 512, 1.592184, 5, 0.318437
summa, 2, 2, 4, summa, 2, 4, 2, openmp, 1024, 1024, 1024, 2, 4, 4, 1.378361, 5, 0.275672
summa, 2, 4, 2, openmp, 1024, 1024, 1024, 2, 4, 8, 1.200292, 5, 0.240058
summa, 2, 4, 2, openmp, 1024, 1024, 1024, 2, 4, 16, 1.119847, 5, 0.223969
summa, 2, 4, 2, openmp, 1024, 1024, 1024, 2, 4, 32, 1.375643, 5, 0.275129
summa, 2, 4, 2, openmp, 1024, 1024, 1024, 2, 4, 64, 1.716770, 5, 0.343354
summa, 2, 4, 2, openmp, 1024, 1024, 1024, 2, 4, 128, 1.616617, 5, 0.323323
summa, 2, 4, 2, openmp, 1024, 1024, 1024, 2, 4, 256, 2.391624, 5, 0.478325
summa, 2, 4, 2, summa, 2, 4, 2, summa, 2, 8, 1, openmp, 1024, 1024, 1024, 2, 8, 4, 2.232054, 5, 0.446411
summa, 2, 8, 1, openmp, 1024, 1024, 1024, 2, 8, 8, 1.303162, 5, 0.260632
summa, 2, 8, 1, openmp, 1024, 1024, 1024, 2, 8, 16, 1.497637, 5, 0.299527
summa, 2, 8, 1, openmp, 1024, 1024, 1024, 2, 8, 32, 1.221611, 5, 0.244322
summa, 2, 8, 1, openmp, 1024, 1024, 1024, 2, 8, 64, 1.803975, 5, 0.360795
summa, 2, 8, 1, openmp, 1024, 1024, 1024, 2, 8, 128, 2.636347, 5, 0.527269
summa, 2, 8, 1, openmp, 1024, 1024, 1024, 2, 8, 256, 2.469201, 5, 0.493840
summa, 2, 8, 1, summa, 2, 8, 1, summa, 2, 1, 8, mkl, 1024, 1024, 1024, 2, 1, 4, 1.864593, 5, 0.372919
summa, 2, 1, 8, mkl, 1024, 1024, 1024, 2, 1, 8, 0.314446, 5, 0.062889
summa, 2, 1, 8, mkl, 1024, 1024, 1024, 2, 1, 16, 0.382399, 5, 0.076480
summa, 2, 1, 8, mkl, 1024, 1024, 1024, 2, 1, 32, 0.217553, 5, 0.043511
summa, 2, 1, 8, mkl, 1024, 1024, 1024, 2, 1, 64, 0.203151, 5, 0.040630
summa, 2, 1, 8, mkl, 1024, 1024, 1024, 2, 1, 128, 0.208892, 5, 0.041778
summa, 2, 1, 8, mkl, 1024, 1024, 1024, 2, 1, 256, 0.229238, 5, 0.045848
summa, 2, 1, 8, mkl, 1024, 1024, 1024, 2, 1, 512, 0.229955, 5, 0.045991
summa, 2, 1, 8, mkl, 1024, 1024, 1024, 2, 1, 1024, 0.388260, 5, 0.077652
summa, 2, 2, 4, mkl, 1024, 1024, 1024, 2, 2, 4, 0.972175, 5, 0.194435
summa, 2, 2, 4, mkl, 1024, 1024, 1024, 2, 2, 8, 0.308382, 5, 0.061676
summa, 2, 2, 4, mkl, 1024, 1024, 1024, 2, 2, 16, 0.241420, 5, 0.048284
summa, 2, 2, 4, mkl, 1024, 1024, 1024, 2, 2, 32, 0.285404, 5, 0.057081
summa, 2, 2, 4, mkl, 1024, 1024, 1024, 2, 2, 64, 0.205453, 5, 0.041091
summa, 2, 2, 4, mkl, 1024, 1024, 1024, 2, 2, 128, 0.216873, 5, 0.043375
summa, 2, 2, 4, mkl, 1024, 1024, 1024, 2, 2, 256, 0.206544, 5, 0.041309
summa, 2, 2, 4, mkl, 1024, 1024, 1024, 2, 2, 512, 0.230272, 5, 0.046054
summa, 2, 2, 4, summa, 2, 4, 2, mkl, 1024, 1024, 1024, 2, 4, 4, 0.529568, 5, 0.105914
summa, 2, 4, 2, mkl, 1024, 1024, 1024, 2, 4, 8, 0.264442, 5, 0.052888
summa, 2, 4, 2, mkl, 1024, 1024, 1024, 2, 4, 16, 0.246422, 5, 0.049284
summa, 2, 4, 2, mkl, 1024, 1024, 1024, 2, 4, 32, 0.212867, 5, 0.042573
summa, 2, 4, 2, mkl, 1024, 1024, 1024, 2, 4, 64, 0.286394, 5, 0.057279
summa, 2, 4, 2, mkl, 1024, 1024, 1024, 2, 4, 128, 0.438038, 5, 0.087608
summa, 2, 4, 2, mkl, 1024, 1024, 1024, 2, 4, 256, 0.487727, 5, 0.097545
summa, 2, 4, 2, summa, 2, 4, 2, summa, 2, 8, 1, mkl, 1024, 1024, 1024, 2, 8, 4, 0.333669, 5, 0.066734
summa, 2, 8, 1, mkl, 1024, 1024, 1024, 2, 8, 8, 0.284226, 5, 0.056845
summa, 2, 8, 1, mkl, 1024, 1024, 1024, 2, 8, 16, 0.321354, 5, 0.064271
summa, 2, 8, 1, mkl, 1024, 1024, 1024, 2, 8, 32, 0.322671, 5, 0.064534
summa, 2, 8, 1, mkl, 1024, 1024, 1024, 2, 8, 64, 0.224474, 5, 0.044895
summa, 2, 8, 1, mkl, 1024, 1024, 1024, 2, 8, 128, 0.231830, 5, 0.046366
summa, 2, 8, 1, mkl, 1024, 1024, 1024, 2, 8, 256, 0.323116, 5, 0.064623
summa, 2, 8, 1, summa, 2, 8, 1, summa, 4, 8, 1, naive, 1024, 1024, 1024, 4, 8, 4, 0.964782, 5, 0.192956
summa, 4, 8, 1, naive, 1024, 1024, 1024, 4, 8, 8, 0.670180, 5, 0.134036
summa, 4, 8, 1, naive, 1024, 1024, 1024, 4, 8, 16, 0.902792, 5, 0.180558
summa, 4, 8, 1, naive, 1024, 1024, 1024, 4, 8, 32, 1.052667, 5, 0.210533
summa, 4, 8, 1, naive, 1024, 1024, 1024, 4, 8, 64, 0.930237, 5, 0.186047
summa, 4, 8, 1, naive, 1024, 1024, 1024, 4, 8, 128, 1.490288, 5, 0.298058
summa, 4, 8, 1, naive, 1024, 1024, 1024, 4, 8, 256, 1.708625, 5, 0.341725
summa, 4, 8, 1, naive, 1024, 1024, 1024, 4, 8, 512, 1.756475, 5, 0.351295
summa, 4, 8, 1, summa, 4, 1, 8, openmp, 1024, 1024, 1024, 4, 1, 4, 0.725638, 5, 0.145128
summa, 4, 1, 8, openmp, 1024, 1024, 1024, 4, 1, 8, 0.995383, 5, 0.199077
summa, 4, 1, 8, openmp, 1024, 1024, 1024, 4, 1, 16, 0.572042, 5, 0.114408
summa, 4, 1, 8, openmp, 1024, 1024, 1024, 4, 1, 32, 0.939605, 5, 0.187921
summa, 4, 1, 8, openmp, 1024, 1024, 1024, 4, 1, 64, 0.739369, 5, 0.147874
summa, 4, 1, 8, openmp, 1024, 1024, 1024, 4, 1, 128, 0.993321, 5, 0.198664
summa, 4, 1, 8, openmp, 1024, 1024, 1024, 4, 1, 256, 1.024748, 5, 0.204950
summa, 4, 1, 8, openmp, 1024, 1024, 1024, 4, 1, 512, 0.990949, 5, 0.198190
summa, 4, 1, 8, openmp, 1024, 1024, 1024, 4, 1, 1024, 1.002007, 5, 0.200401
summa, 4, 2, 4, openmp, 1024, 1024, 1024, 4, 2, 4, 0.750733, 5, 0.150147
summa, 4, 2, 4, openmp, 1024, 1024, 1024, 4, 2, 8, 1.013571, 5, 0.202714
summa, 4, 2, 4, openmp, 1024, 1024, 1024, 4, 2, 16, 0.778583, 5, 0.155717
summa, 4, 2, 4, openmp, 1024, 1024, 1024, 4, 2, 32, 0.686850, 5, 0.137370
summa, 4, 2, 4, openmp, 1024, 1024, 1024, 4, 2, 64, 0.855696, 5, 0.171139
summa, 4, 2, 4, openmp, 1024, 1024, 1024, 4, 2, 128, 1.073304, 5, 0.214661
summa, 4, 2, 4, openmp, 1024, 1024, 1024, 4, 2, 256, 0.916398, 5, 0.183280
summa, 4, 2, 4, openmp, 1024, 1024, 1024, 4, 2, 512, 1.285889, 5, 0.257178
summa, 4, 2, 4, summa, 4, 4, 2, openmp, 1024, 1024, 1024, 4, 4, 4, 0.791061, 5, 0.158212
summa, 4, 4, 2, openmp, 1024, 1024, 1024, 4, 4, 8, 0.947419, 5, 0.189484
summa, 4, 4, 2, openmp, 1024, 1024, 1024, 4, 4, 16, 1.067178, 5, 0.213436
summa, 4, 4, 2, openmp, 1024, 1024, 1024, 4, 4, 32, 1.162079, 5, 0.232416
summa, 4, 4, 2, openmp, 1024, 1024, 1024, 4, 4, 64, 1.238812, 5, 0.247762
summa, 4, 4, 2, openmp, 1024, 1024, 1024, 4, 4, 128, 1.228724, 5, 0.245745
summa, 4, 4, 2, openmp, 1024, 1024, 1024, 4, 4, 256, 1.505220, 5, 0.301044
summa, 4, 4, 2, openmp, 1024, 1024, 1024, 4, 4, 512, 1.475246, 5, 0.295049
summa, 4, 4, 2, summa, 4, 8, 1, openmp, 1024, 1024, 1024, 4, 8, 4, 0.792562, 5, 0.158512
summa, 4, 8, 1, openmp, 1024, 1024, 1024, 4, 8, 8, 0.723782, 5, 0.144756
summa, 4, 8, 1, openmp, 1024, 1024, 1024, 4, 8, 16, 0.850625, 5, 0.170125
summa, 4, 8, 1, openmp, 1024, 1024, 1024, 4, 8, 32, 1.309738, 5, 0.261948
summa, 4, 8, 1, openmp, 1024, 1024, 1024, 4, 8, 64, 1.324654, 5, 0.264931
summa, 4, 8, 1, openmp, 1024, 1024, 1024, 4, 8, 128, 1.405483, 5, 0.281097
summa, 4, 8, 1, openmp, 1024, 1024, 1024, 4, 8, 256, 1.377347, 5, 0.275469
summa, 4, 8, 1, openmp, 1024, 1024, 1024, 4, 8, 512, 2.051445, 5, 0.410289
summa, 4, 8, 1, summa, 4, 1, 8, mkl, 1024, 1024, 1024, 4, 1, 4, 1.016615, 5, 0.203323
summa, 4, 1, 8, mkl, 1024, 1024, 1024, 4, 1, 8, 0.264655, 5, 0.052931
summa, 4, 1, 8, mkl, 1024, 1024, 1024, 4, 1, 16, 0.227698, 5, 0.045540
summa, 4, 1, 8, mkl, 1024, 1024, 1024, 4, 1, 32, 0.217231, 5, 0.043446
summa, 4, 1, 8, mkl, 1024, 1024, 1024, 4, 1, 64, 0.152209, 5, 0.030442
summa, 4, 1, 8, mkl, 1024, 1024, 1024, 4, 1, 128, 0.144566, 5, 0.028913
summa, 4, 1, 8, mkl, 1024, 1024, 1024, 4, 1, 256, 0.183093, 5, 0.036619
summa, 4, 1, 8, mkl, 1024, 1024, 1024, 4, 1, 512, 0.199445, 5, 0.039889
summa, 4, 1, 8, mkl, 1024, 1024, 1024, 4, 1, 1024, 0.200615, 5, 0.040123
summa, 4, 2, 4, mkl, 1024, 1024, 1024, 4, 2, 4, 0.544425, 5, 0.108885
summa, 4, 2, 4, mkl, 1024, 1024, 1024, 4, 2, 8, 0.243112, 5, 0.048622
summa, 4, 2, 4, mkl, 1024, 1024, 1024, 4, 2, 16, 0.206141, 5, 0.041228
summa, 4, 2, 4, mkl, 1024, 1024, 1024, 4, 2, 32, 0.185312, 5, 0.037062
summa, 4, 2, 4, mkl, 1024, 1024, 1024, 4, 2, 64, 0.202274, 5, 0.040455
summa, 4, 2, 4, mkl, 1024, 1024, 1024, 4, 2, 128, 0.210873, 5, 0.042175
summa, 4, 2, 4, mkl, 1024, 1024, 1024, 4, 2, 256, 0.200835, 5, 0.040167
summa, 4, 2, 4, mkl, 1024, 1024, 1024, 4, 2, 512, 0.161641, 5, 0.032328
summa, 4, 2, 4, summa, 4, 4, 2, mkl, 1024, 1024, 1024, 4, 4, 4, 0.326759, 5, 0.065352
summa, 4, 4, 2, mkl, 1024, 1024, 1024, 4, 4, 8, 0.263094, 5, 0.052619
summa, 4, 4, 2, mkl, 1024, 1024, 1024, 4, 4, 16, 0.450546, 5, 0.090109
summa, 4, 4, 2, mkl, 1024, 1024, 1024, 4, 4, 32, 0.222237, 5, 0.044447
summa, 4, 4, 2, mkl, 1024, 1024, 1024, 4, 4, 64, 0.382055, 5, 0.076411
summa, 4, 4, 2, mkl, 1024, 1024, 1024, 4, 4, 128, 0.282473, 5, 0.056495
summa, 4, 4, 2, mkl, 1024, 1024, 1024, 4, 4, 256, 0.261167, 5, 0.052233
summa, 4, 4, 2, mkl, 1024, 1024, 1024, 4, 4, 512, 0.438241, 5, 0.087648
summa, 4, 4, 2, summa, 4, 8, 1, mkl, 1024, 1024, 1024, 4, 8, 4, 0.462252, 5, 0.092450
summa, 4, 8, 1, mkl, 1024, 1024, 1024, 4, 8, 8, 0.291785, 5, 0.058357
summa, 4, 8, 1, mkl, 1024, 1024, 1024, 4, 8, 16, 0.242744, 5, 0.048549
summa, 4, 8, 1, mkl, 1024, 1024, 1024, 4, 8, 32, 0.286825, 5, 0.057365
summa, 4, 8, 1, mkl, 1024, 1024, 1024, 4, 8, 64, 0.295107, 5, 0.059021
summa, 4, 8, 1, mkl, 1024, 1024, 1024, 4, 8, 128, 0.348389, 5, 0.069678
summa, 4, 8, 1, mkl, 1024, 1024, 1024, 4, 8, 256, 0.352744, 5, 0.070549
summa, 4, 8, 1, mkl, 1024, 1024, 1024, 4, 8, 512, 1.327300, 5, 0.265460
summa, 4, 8, 1, summa, 8, 8, 1, naive, 1024, 1024, 1024, 8, 8, 4, 0.869854, 5, 0.173971
summa, 8, 8, 1, naive, 1024, 1024, 1024, 8, 8, 8, 0.656858, 5, 0.131372
summa, 8, 8, 1, naive, 1024, 1024, 1024, 8, 8, 16, 0.708422, 5, 0.141684
summa, 8, 8, 1, naive, 1024, 1024, 1024, 8, 8, 32, 0.634561, 5, 0.126912
summa, 8, 8, 1, naive, 1024, 1024, 1024, 8, 8, 64, 0.741465, 5, 0.148293
summa, 8, 8, 1, naive, 1024, 1024, 1024, 8, 8, 128, 0.824133, 5, 0.164827
summa, 8, 8, 1, naive, 1024, 1024, 1024, 8, 8, 256, 0.986190, 5, 0.197238
summa, 8, 8, 1, naive, 1024, 1024, 1024, 8, 8, 512, 1.317494, 5, 0.263499
summa, 8, 8, 1, naive, 1024, 1024, 1024, 8, 8, 1024, 1.433003, 5, 0.286601
summa, 8, 1, 8, openmp, 1024, 1024, 1024, 8, 1, 4, 0.671410, 5, 0.134282
summa, 8, 1, 8, openmp, 1024, 1024, 1024, 8, 1, 8, 0.921204, 5, 0.184241
summa, 8, 1, 8, openmp, 1024, 1024, 1024, 8, 1, 16, 0.454376, 5, 0.090875
summa, 8, 1, 8, openmp, 1024, 1024, 1024, 8, 1, 32, 0.623141, 5, 0.124628
summa, 8, 1, 8, openmp, 1024, 1024, 1024, 8, 1, 64, 0.425347, 5, 0.085069
summa, 8, 1, 8, openmp, 1024, 1024, 1024, 8, 1, 128, 0.577764, 5, 0.115553
summa, 8, 1, 8, openmp, 1024, 1024, 1024, 8, 1, 256, 0.668386, 5, 0.133677
summa, 8, 1, 8, openmp, 1024, 1024, 1024, 8, 1, 512, 0.517331, 5, 0.103466
summa, 8, 1, 8, openmp, 1024, 1024, 1024, 8, 1, 1024, 0.867710, 5, 0.173542
summa, 8, 2, 4, openmp, 1024, 1024, 1024, 8, 2, 4, 0.684600, 5, 0.136920
summa, 8, 2, 4, openmp, 1024, 1024, 1024, 8, 2, 8, 0.573296, 5, 0.114659
summa, 8, 2, 4, openmp, 1024, 1024, 1024, 8, 2, 16, 0.577407, 5, 0.115481
summa, 8, 2, 4, openmp, 1024, 1024, 1024, 8, 2, 32, 0.537422, 5, 0.107484
summa, 8, 2, 4, openmp, 1024, 1024, 1024, 8, 2, 64, 0.645314, 5, 0.129063
summa, 8, 2, 4, openmp, 1024, 1024, 1024, 8, 2, 128, 0.625609, 5, 0.125122
summa, 8, 2, 4, openmp, 1024, 1024, 1024, 8, 2, 256, 0.541386, 5, 0.108277
summa, 8, 2, 4, openmp, 1024, 1024, 1024, 8, 2, 512, 0.680300, 5, 0.136060
summa, 8, 2, 4, openmp, 1024, 1024, 1024, 8, 2, 1024, 0.683320, 5, 0.136664
summa, 8, 4, 2, openmp, 1024, 1024, 1024, 8, 4, 4, 0.731192, 5, 0.146238
summa, 8, 4, 2, openmp, 1024, 1024, 1024, 8, 4, 8, 0.765440, 5, 0.153088
summa, 8, 4, 2, openmp, 1024, 1024, 1024, 8, 4, 16, 0.779537, 5, 0.155907
summa, 8, 4, 2, summa, 8, 4, 2, openmp, 1024, 1024, 1024, 8, 4, 64, 0.887768, 5, 0.177554
summa, 8, 4, 2, openmp, 1024, 1024, 1024, 8, 4, 128, 0.876158, 5, 0.175232
summa, 8, 4, 2, openmp, 1024, 1024, 1024, 8, 4, 256, 1.456584, 5, 0.291317
summa, 8, 4, 2, openmp, 1024, 1024, 1024, 8, 4, 512, 1.291318, 5, 0.258264
summa, 8, 4, 2, openmp, 1024, 1024, 1024, 8, 4, 1024, 1.396496, 5, 0.279299
summa, 8, 8, 1, openmp, 1024, 1024, 1024, 8, 8, 4, 0.741425, 5, 0.148285
summa, 8, 8, 1, openmp, 1024, 1024, 1024, 8, 8, 8, 0.683991, 5, 0.136798
summa, 8, 8, 1, openmp, 1024, 1024, 1024, 8, 8, 16, 0.765247, 5, 0.153049
summa, 8, 8, 1, openmp, 1024, 1024, 1024, 8, 8, 32, 0.967973, 5, 0.193595
summa, 8, 8, 1, openmp, 1024, 1024, 1024, 8, 8, 64, 0.763308, 5, 0.152662
summa, 8, 8, 1, openmp, 1024, 1024, 1024, 8, 8, 128, 1.122997, 5, 0.224599
summa, 8, 8, 1, openmp, 1024, 1024, 1024, 8, 8, 256, 1.150705, 5, 0.230141
summa, 8, 8, 1, openmp, 1024, 1024, 1024, 8, 8, 512, 1.264694, 5, 0.252939
summa, 8, 8, 1, openmp, 1024, 1024, 1024, 8, 8, 1024, 1.241210, 5, 0.248242
summa, 8, 1, 8, mkl, 1024, 1024, 1024, 8, 1, 4, 0.637047, 5, 0.127409
summa, 8, 1, 8, mkl, 1024, 1024, 1024, 8, 1, 8, 0.244101, 5, 0.048820
summa, 8, 1, 8, mkl, 1024, 1024, 1024, 8, 1, 16, 0.223773, 5, 0.044755
summa, 8, 1, 8, mkl, 1024, 1024, 1024, 8, 1, 32, 0.493999, 5, 0.098800
summa, 8, 1, 8, mkl, 1024, 1024, 1024, 8, 1, 64, 0.141078, 5, 0.028216
summa, 8, 1, 8, mkl, 1024, 1024, 1024, 8, 1, 128, 0.169268, 5, 0.033854
summa, 8, 1, 8, mkl, 1024, 1024, 1024, 8, 1, 256, 0.178930, 5, 0.035786
summa, 8, 1, 8, mkl, 1024, 1024, 1024, 8, 1, 512, 0.189109, 5, 0.037822
summa, 8, 1, 8, mkl, 1024, 1024, 1024, 8, 1, 1024, 0.185618, 5, 0.037124
summa, 8, 2, 4, mkl, 1024, 1024, 1024, 8, 2, 4, 0.791880, 5, 0.158376
summa, 8, 2, 4, mkl, 1024, 1024, 1024, 8, 2, 8, 0.239812, 5, 0.047962
summa, 8, 2, 4, mkl, 1024, 1024, 1024, 8, 2, 16, 0.203790, 5, 0.040758
summa, 8, 2, 4, mkl, 1024, 1024, 1024, 8, 2, 32, 0.304715, 5, 0.060943
summa, 8, 2, 4, mkl, 1024, 1024, 1024, 8, 2, 64, 0.522519, 5, 0.104504
summa, 8, 2, 4, mkl, 1024, 1024, 1024, 8, 2, 128, 0.196499, 5, 0.039300
summa, 8, 2, 4, mkl, 1024, 1024, 1024, 8, 2, 256, 0.334555, 5, 0.066911
summa, 8, 2, 4, mkl, 1024, 1024, 1024, 8, 2, 512, 0.196713, 5, 0.039343
summa, 8, 2, 4, mkl, 1024, 1024, 1024, 8, 2, 1024, 0.217305, 5, 0.043461
summa, 8, 4, 2, mkl, 1024, 1024, 1024, 8, 4, 4, 0.397964, 5, 0.079593
summa, 8, 4, 2, mkl, 1024, 1024, 1024, 8, 4, 8, 0.337612, 5, 0.067522
summa, 8, 4, 2, mkl, 1024, 1024, 1024, 8, 4, 16, 0.515249, 5, 0.103050
summa, 8, 4, 2, mkl, 1024, 1024, 1024, 8, 4, 32, 0.251301, 5, 0.050260
summa, 8, 4, 2, mkl, 1024, 1024, 1024, 8, 4, 64, 0.776509, 5, 0.155302
summa, 8, 4, 2, mkl, 1024, 1024, 1024, 8, 4, 128, 0.364161, 5, 0.072832
summa, 8, 4, 2, mkl, 1024, 1024, 1024, 8, 4, 256, 0.467043, 5, 0.093409
summa, 8, 4, 2, mkl, 1024, 1024, 1024, 8, 4, 512, 0.547370, 5, 0.109474
summa, 8, 4, 2, mkl, 1024, 1024, 1024, 8, 4, 1024, 1.113905, 5, 0.222781
summa, 8, 8, 1, mkl, 1024, 1024, 1024, 8, 8, 4, 0.371909, 5, 0.074382
summa, 8, 8, 1, mkl, 1024, 1024, 1024, 8, 8, 8, 0.325037, 5, 0.065007
summa, 8, 8, 1, mkl, 1024, 1024, 1024, 8, 8, 16, 0.373618, 5, 0.074724
summa, 8, 8, 1, mkl, 1024, 1024, 1024, 8, 8, 32, 0.394124, 5, 0.078825
summa, 8, 8, 1, mkl, 1024, 1024, 1024, 8, 8, 64, 0.325754, 5, 0.065151
summa, 8, 8, 1, mkl, 1024, 1024, 1024, 8, 8, 128, 0.399702, 5, 0.079940
summa, 8, 8, 1, mkl, 1024, 1024, 1024, 8, 8, 256, 0.487661, 5, 0.097532
summa, 8, 8, 1, mkl, 1024, 1024, 1024, 8, 8, 512, 0.884693, 5, 0.176939
summa, 8, 8, 1, mkl, 1024, 1024, 1024, 8, 8, 1024, 0.945211, 5, 0.189042
summa, 1, 8, 1, naive, 2048, 2048, 2048, 1, 8, 4, 11.583291, 5, 2.316658
summa, 1, 8, 1, naive, 2048, 2048, 2048, 1, 8, 8, 8.893696, 5, 1.778739
summa, 1, 8, 1, naive, 2048, 2048, 2048, 1, 8, 16, 9.948928, 5, 1.989786
summa, 1, 8, 1, naive, 2048, 2048, 2048, 1, 8, 32, 13.889738, 5, 2.777948
summa, 1, 8, 1, naive, 2048, 2048, 2048, 1, 8, 64, 15.250376, 5, 3.050075
summa, 1, 8, 1, naive, 2048, 2048, 2048, 1, 8, 128, 17.200251, 5, 3.440050
summa, 1, 8, 1, naive, 2048, 2048, 2048, 1, 8, 256, 24.827416, 5, 4.965483
summa, 1, 8, 1, naive, 2048, 2048, 2048, 1, 8, 512, 31.189321, 5, 6.237864
summa, 1, 8, 1, naive, 2048, 2048, 2048, 1, 8, 1024, 119.396136, 5, 23.879227
summa, 1, 1, 8, openmp, 2048, 2048, 2048, 1, 1, 4, 11.481145, 5, 2.296229
summa, 1, 1, 8, openmp, 2048, 2048, 2048, 1, 1, 8, 9.243591, 5, 1.848718
summa, 1, 1, 8, openmp, 2048, 2048, 2048, 1, 1, 16, 10.040307, 5, 2.008061
summa, 1, 1, 8, openmp, 2048, 2048, 2048, 1, 1, 32, 12.195483, 5, 2.439097
summa, 1, 1, 8, openmp, 2048, 2048, 2048, 1, 1, 64, 14.335306, 5, 2.867061
summa, 1, 1, 8, openmp, 2048, 2048, 2048, 1, 1, 128, 16.401895, 5, 3.280379
summa, 1, 1, 8, openmp, 2048, 2048, 2048, 1, 1, 256, 16.757987, 5, 3.351597
summa, 1, 1, 8, openmp, 2048, 2048, 2048, 1, 1, 512, 17.209941, 5, 3.441988
summa, 1, 1, 8, openmp, 2048, 2048, 2048, 1, 1, 1024, 112.100773, 5, 22.420155
summa, 1, 2, 4, openmp, 2048, 2048, 2048, 1, 2, 4, 10.569337, 5, 2.113867
summa, 1, 2, 4, openmp, 2048, 2048, 2048, 1, 2, 8, 8.983484, 5, 1.796697
summa, 1, 2, 4, openmp, 2048, 2048, 2048, 1, 2, 16, 10.372455, 5, 2.074491
summa, 1, 2, 4, openmp, 2048, 2048, 2048, 1, 2, 32, 13.313228, 5, 2.662646
summa, 1, 2, 4, openmp, 2048, 2048, 2048, 1, 2, 64, 14.674678, 5, 2.934936
summa, 1, 2, 4, openmp, 2048, 2048, 2048, 1, 2, 128, 16.267915, 5, 3.253583
summa, 1, 2, 4, openmp, 2048, 2048, 2048, 1, 2, 256, 16.997168, 5, 3.399434
summa, 1, 2, 4, openmp, 2048, 2048, 2048, 1, 2, 512, 25.749043, 5, 5.149809
summa, 1, 2, 4, openmp, 2048, 2048, 2048, 1, 2, 1024, 106.149125, 5, 21.229825
summa, 1, 4, 2, openmp, 2048, 2048, 2048, 1, 4, 4, 10.868454, 5, 2.173691
summa, 1, 4, 2, openmp, 2048, 2048, 2048, 1, 4, 8, 9.153912, 5, 1.830782
summa, 1, 4, 2, openmp, 2048, 2048, 2048, 1, 4, 16, 10.173635, 5, 2.034727
summa, 1, 4, 2, openmp, 2048, 2048, 2048, 1, 4, 32, 14.474325, 5, 2.894865
summa, 1, 4, 2, openmp, 2048, 2048, 2048, 1, 4, 64, 14.668110, 5, 2.933622
summa, 1, 4, 2, openmp, 2048, 2048, 2048, 1, 4, 128, 17.391058, 5, 3.478212
summa, 1, 4, 2, openmp, 2048, 2048, 2048, 1, 4, 256, 27.838147, 5, 5.567629
summa, 1, 4, 2, openmp, 2048, 2048, 2048, 1, 4, 512, 32.460605, 5, 6.492121
summa, 1, 4, 2, openmp, 2048, 2048, 2048, 1, 4, 1024, 136.682410, 5, 27.336482
summa, 1, 8, 1, openmp, 2048, 2048, 2048, 1, 8, 4, 10.696006, 5, 2.139201
summa, 1, 8, 1, openmp, 2048, 2048, 2048, 1, 8, 8, 9.321844, 5, 1.864369
summa, 1, 8, 1, openmp, 2048, 2048, 2048, 1, 8, 16, 10.936707, 5, 2.187341
summa, 1, 8, 1, openmp, 2048, 2048, 2048, 1, 8, 32, 13.388791, 5, 2.677758
summa, 1, 8, 1, openmp, 2048, 2048, 2048, 1, 8, 64, 14.830790, 5, 2.966158
summa, 1, 8, 1, openmp, 2048, 2048, 2048, 1, 8, 128, 21.428272, 5, 4.285654
summa, 1, 8, 1, openmp, 2048, 2048, 2048, 1, 8, 256, 25.379911, 5, 5.075982
summa, 1, 8, 1, openmp, 2048, 2048, 2048, 1, 8, 512, 33.019120, 5, 6.603824
summa, 1, 8, 1, openmp, 2048, 2048, 2048, 1, 8, 1024, 118.745843, 5, 23.749169
summa, 1, 1, 8, mkl, 2048, 2048, 2048, 1, 1, 4, 19.679789, 5, 3.935958
summa, 1, 1, 8, mkl, 2048, 2048, 2048, 1, 1, 8, 5.626647, 5, 1.125329
summa, 1, 1, 8, mkl, 2048, 2048, 2048, 1, 1, 16, 3.156670, 5, 0.631334
summa, 1, 1, 8, mkl, 2048, 2048, 2048, 1, 1, 32, 1.585689, 5, 0.317138
summa, 1, 1, 8, mkl, 2048, 2048, 2048, 1, 1, 64, 1.254822, 5, 0.250964
summa, 1, 1, 8, mkl, 2048, 2048, 2048, 1, 1, 128, 1.409664, 5, 0.281933
summa, 1, 1, 8, mkl, 2048, 2048, 2048, 1, 1, 256, 1.310712, 5, 0.262142
summa, 1, 1, 8, mkl, 2048, 2048, 2048, 1, 1, 512, 1.241000, 5, 0.248200
summa, 1, 1, 8, mkl, 2048, 2048, 2048, 1, 1, 1024, 1.236622, 5, 0.247324
summa, 1, 2, 4, mkl, 2048, 2048, 2048, 1, 2, 4, 9.956208, 5, 1.991242
summa, 1, 2, 4, mkl, 2048, 2048, 2048, 1, 2, 8, 3.215159, 5, 0.643032
summa, 1, 2, 4, mkl, 2048, 2048, 2048, 1, 2, 16, 1.991410, 5, 0.398282
summa, 1, 2, 4, mkl, 2048, 2048, 2048, 1, 2, 32, 1.344153, 5, 0.268831
summa, 1, 2, 4, mkl, 2048, 2048, 2048, 1, 2, 64, 1.236952, 5, 0.247390
summa, 1, 2, 4, mkl, 2048, 2048, 2048, 1, 2, 128, 1.187741, 5, 0.237548
summa, 1, 2, 4, mkl, 2048, 2048, 2048, 1, 2, 256, 1.228259, 5, 0.245652
summa, 1, 2, 4, mkl, 2048, 2048, 2048, 1, 2, 512, 1.310952, 5, 0.262190
summa, 1, 2, 4, mkl, 2048, 2048, 2048, 1, 2, 1024, 1.187570, 5, 0.237514
summa, 1, 4, 2, mkl, 2048, 2048, 2048, 1, 4, 4, 6.456741, 5, 1.291348
summa, 1, 4, 2, mkl, 2048, 2048, 2048, 1, 4, 8, 3.524041, 5, 0.704808
summa, 1, 4, 2, mkl, 2048, 2048, 2048, 1, 4, 16, 1.846429, 5, 0.369286
summa, 1, 4, 2, mkl, 2048, 2048, 2048, 1, 4, 32, 1.577386, 5, 0.315477
summa, 1, 4, 2, mkl, 2048, 2048, 2048, 1, 4, 64, 1.338962, 5, 0.267792
summa, 1, 4, 2, mkl, 2048, 2048, 2048, 1, 4, 128, 1.232262, 5, 0.246452
summa, 1, 4, 2, mkl, 2048, 2048, 2048, 1, 4, 256, 1.489171, 5, 0.297834
summa, 1, 4, 2, mkl, 2048, 2048, 2048, 1, 4, 512, 1.226595, 5, 0.245319
summa, 1, 4, 2, mkl, 2048, 2048, 2048, 1, 4, 1024, 1.367371, 5, 0.273474
summa, 1, 8, 1, mkl, 2048, 2048, 2048, 1, 8, 4, 8.142590, 5, 1.628518
summa, 1, 8, 1, mkl, 2048, 2048, 2048, 1, 8, 8, 4.564907, 5, 0.912981
summa, 1, 8, 1, mkl, 2048, 2048, 2048, 1, 8, 16, 2.759327, 5, 0.551865
summa, 1, 8, 1, mkl, 2048, 2048, 2048, 1, 8, 32, 2.052481, 5, 0.410496
summa, 1, 8, 1, mkl, 2048, 2048, 2048, 1, 8, 64, 1.453206, 5, 0.290641
summa, 1, 8, 1, mkl, 2048, 2048, 2048, 1, 8, 128, 1.562582, 5, 0.312516
summa, 1, 8, 1, mkl, 2048, 2048, 2048, 1, 8, 256, 2.861663, 5, 0.572333
summa, 1, 8, 1, mkl, 2048, 2048, 2048, 1, 8, 512, 1.563553, 5, 0.312711
summa, 1, 8, 1, mkl, 2048, 2048, 2048, 1, 8, 1024, 1.566732, 5, 0.313346
summa, 2, 8, 1, naive, 2048, 2048, 2048, 2, 8, 4, 9.102593, 5, 1.820519
summa, 2, 8, 1, naive, 2048, 2048, 2048, 2, 8, 8, 7.900008, 5, 1.580002
summa, 2, 8, 1, naive, 2048, 2048, 2048, 2, 8, 16, 8.363671, 5, 1.672734
summa, 2, 8, 1, naive, 2048, 2048, 2048, 2, 8, 32, 9.796909, 5, 1.959382
summa, 2, 8, 1, naive, 2048, 2048, 2048, 2, 8, 64, 12.681791, 5, 2.536358
summa, 2, 8, 1, naive, 2048, 2048, 2048, 2, 8, 128, 12.886415, 5, 2.577283
summa, 2, 8, 1, naive, 2048, 2048, 2048, 2, 8, 256, 14.486151, 5, 2.897230
summa, 2, 8, 1, summa, 2, 8, 1, summa, 2, 1, 8, openmp, 2048, 2048, 2048, 2, 1, 4, 9.847675, 5, 1.969535
summa, 2, 1, 8, openmp, 2048, 2048, 2048, 2, 1, 8, 7.957324, 5, 1.591465
summa, 2, 1, 8, openmp, 2048, 2048, 2048, 2, 1, 16, 9.453593, 5, 1.890719
summa, 2, 1, 8, openmp, 2048, 2048, 2048, 2, 1, 32, 9.604591, 5, 1.920918
summa, 2, 1, 8, openmp, 2048, 2048, 2048, 2, 1, 64, 11.765710, 5, 2.353142
summa, 2, 1, 8, openmp, 2048, 2048, 2048, 2, 1, 128, 12.080833, 5, 2.416167
summa, 2, 1, 8, openmp, 2048, 2048, 2048, 2, 1, 256, 13.701532, 5, 2.740306
summa, 2, 1, 8, openmp, 2048, 2048, 2048, 2, 1, 512, 12.165268, 5, 2.433054
summa, 2, 1, 8, openmp, 2048, 2048, 2048, 2, 1, 1024, 10.400752, 5, 2.080150
summa, 2, 2, 4, openmp, 2048, 2048, 2048, 2, 2, 4, 9.295497, 5, 1.859099
summa, 2, 2, 4, openmp, 2048, 2048, 2048, 2, 2, 8, 8.002240, 5, 1.600448
summa, 2, 2, 4, openmp, 2048, 2048, 2048, 2, 2, 16, 8.449458, 5, 1.689892
summa, 2, 2, 4, openmp, 2048, 2048, 2048, 2, 2, 32, 9.391359, 5, 1.878272
summa, 2, 2, 4, openmp, 2048, 2048, 2048, 2, 2, 64, 12.365795, 5, 2.473159
summa, 2, 2, 4, openmp, 2048, 2048, 2048, 2, 2, 128, 12.512286, 5, 2.502457
summa, 2, 2, 4, openmp, 2048, 2048, 2048, 2, 2, 256, 12.804964, 5, 2.560993
summa, 2, 2, 4, openmp, 2048, 2048, 2048, 2, 2, 512, 11.574664, 5, 2.314933
summa, 2, 2, 4, openmp, 2048, 2048, 2048, 2, 2, 1024, 14.307941, 5, 2.861588
summa, 2, 4, 2, openmp, 2048, 2048, 2048, 2, 4, 4, 10.441435, 5, 2.088287
summa, 2, 4, 2, openmp, 2048, 2048, 2048, 2, 4, 8, 8.440817, 5, 1.688163
summa, 2, 4, 2, openmp, 2048, 2048, 2048, 2, 4, 16, 8.690787, 5, 1.738157
summa, 2, 4, 2, openmp, 2048, 2048, 2048, 2, 4, 32, 9.568331, 5, 1.913666
summa, 2, 4, 2, openmp, 2048, 2048, 2048, 2, 4, 64, 12.067388, 5, 2.413478
summa, 2, 4, 2, openmp, 2048, 2048, 2048, 2, 4, 128, 12.311722, 5, 2.462344
summa, 2, 4, 2, openmp, 2048, 2048, 2048, 2, 4, 256, 13.857230, 5, 2.771446
summa, 2, 4, 2, openmp, 2048, 2048, 2048, 2, 4, 512, 15.195459, 5, 3.039092
summa, 2, 4, 2, openmp, 2048, 2048, 2048, 2, 4, 1024, 17.826710, 5, 3.565342
summa, 2, 8, 1, openmp, 2048, 2048, 2048, 2, 8, 4, 9.691198, 5, 1.938240
summa, 2, 8, 1, openmp, 2048, 2048, 2048, 2, 8, 8, 7.975989, 5, 1.595198
summa, 2, 8, 1, openmp, 2048, 2048, 2048, 2, 8, 16, 8.090238, 5, 1.618048
summa, 2, 8, 1, openmp, 2048, 2048, 2048, 2, 8, 32, 9.722896, 5, 1.944579
summa, 2, 8, 1, openmp, 2048, 2048, 2048, 2, 8, 64, 12.189200, 5, 2.437840
summa, 2, 8, 1, openmp, 2048, 2048, 2048, 2, 8, 128, 12.821461, 5, 2.564292
summa, 2, 8, 1, openmp, 2048, 2048, 2048, 2, 8, 256, 14.150939, 5, 2.830188
summa, 2, 8, 1, summa, 2, 8, 1, summa, 2, 1, 8, mkl, 2048, 2048, 2048, 2, 1, 4, 15.011202, 5, 3.002240
summa, 2, 1, 8, mkl, 2048, 2048, 2048, 2, 1, 8, 2.485822, 5, 0.497164
summa, 2, 1, 8, mkl, 2048, 2048, 2048, 2, 1, 16, 1.491246, 5, 0.298249
summa, 2, 1, 8, mkl, 2048, 2048, 2048, 2, 1, 32, 1.291234, 5, 0.258247
summa, 2, 1, 8, mkl, 2048, 2048, 2048, 2, 1, 64, 1.180422, 5, 0.236084
summa, 2, 1, 8, mkl, 2048, 2048, 2048, 2, 1, 128, 1.168899, 5, 0.233780
summa, 2, 1, 8, mkl, 2048, 2048, 2048, 2, 1, 256, 1.168560, 5, 0.233712
summa, 2, 1, 8, mkl, 2048, 2048, 2048, 2, 1, 512, 1.195687, 5, 0.239137
summa, 2, 1, 8, mkl, 2048, 2048, 2048, 2, 1, 1024, 1.291031, 5, 0.258206
summa, 2, 2, 4, mkl, 2048, 2048, 2048, 2, 2, 4, 7.642775, 5, 1.528555
summa, 2, 2, 4, mkl, 2048, 2048, 2048, 2, 2, 8, 1.766581, 5, 0.353316
summa, 2, 2, 4, mkl, 2048, 2048, 2048, 2, 2, 16, 1.438279, 5, 0.287656
summa, 2, 2, 4, mkl, 2048, 2048, 2048, 2, 2, 32, 1.492046, 5, 0.298409
summa, 2, 2, 4, mkl, 2048, 2048, 2048, 2, 2, 64, 1.189769, 5, 0.237954
summa, 2, 2, 4, mkl, 2048, 2048, 2048, 2, 2, 128, 1.183544, 5, 0.236709
summa, 2, 2, 4, mkl, 2048, 2048, 2048, 2, 2, 256, 1.150546, 5, 0.230109
summa, 2, 2, 4, mkl, 2048, 2048, 2048, 2, 2, 512, 1.809766, 5, 0.361953
summa, 2, 2, 4, mkl, 2048, 2048, 2048, 2, 2, 1024, 1.397880, 5, 0.279576
summa, 2, 4, 2, mkl, 2048, 2048, 2048, 2, 4, 4, 3.901486, 5, 0.780297
summa, 2, 4, 2, mkl, 2048, 2048, 2048, 2, 4, 8, 2.327102, 5, 0.465420
summa, 2, 4, 2, mkl, 2048, 2048, 2048, 2, 4, 16, 1.394690, 5, 0.278938
summa, 2, 4, 2, mkl, 2048, 2048, 2048, 2, 4, 32, 1.441039, 5, 0.288208
summa, 2, 4, 2, mkl, 2048, 2048, 2048, 2, 4, 64, 1.505307, 5, 0.301061
summa, 2, 4, 2, mkl, 2048, 2048, 2048, 2, 4, 128, 1.212033, 5, 0.242407
summa, 2, 4, 2, mkl, 2048, 2048, 2048, 2, 4, 256, 1.897581, 5, 0.379516
summa, 2, 4, 2, mkl, 2048, 2048, 2048, 2, 4, 512, 1.481253, 5, 0.296251
summa, 2, 4, 2, mkl, 2048, 2048, 2048, 2, 4, 1024, 1.361467, 5, 0.272293
summa, 2, 8, 1, mkl, 2048, 2048, 2048, 2, 8, 4, 2.718524, 5, 0.543705
summa, 2, 8, 1, mkl, 2048, 2048, 2048, 2, 8, 8, 1.658490, 5, 0.331698
summa, 2, 8, 1, mkl, 2048, 2048, 2048, 2, 8, 16, 2.003886, 5, 0.400777
summa, 2, 8, 1, mkl, 2048, 2048, 2048, 2, 8, 32, 1.622773, 5, 0.324555
summa, 2, 8, 1, mkl, 2048, 2048, 2048, 2, 8, 64, 1.228504, 5, 0.245701
summa, 2, 8, 1, mkl, 2048, 2048, 2048, 2, 8, 128, 1.671923, 5, 0.334385
summa, 2, 8, 1, mkl, 2048, 2048, 2048, 2, 8, 256, 1.821716, 5, 0.364343
summa, 2, 8, 1, summa, 2, 8, 1, summa, 4, 8, 1, naive, 2048, 2048, 2048, 4, 8, 4, 5.132951, 5, 1.026590
summa, 4, 8, 1, naive, 2048, 2048, 2048, 4, 8, 8, 4.436235, 5, 0.887247
summa, 4, 8, 1, naive, 2048, 2048, 2048, 4, 8, 16, 4.715536, 5, 0.943107
summa, 4, 8, 1, naive, 2048, 2048, 2048, 4, 8, 32, 5.657350, 5, 1.131470
summa, 4, 8, 1, naive, 2048, 2048, 2048, 4, 8, 64, 6.821611, 5, 1.364322
summa, 4, 8, 1, naive, 2048, 2048, 2048, 4, 8, 128, 7.377123, 5, 1.475425
summa, 4, 8, 1, naive, 2048, 2048, 2048, 4, 8, 256, 7.403768, 5, 1.480754
summa, 4, 8, 1, summa, 4, 8, 1, summa, 4, 1, 8, openmp, 2048, 2048, 2048, 4, 1, 4, 5.074348, 5, 1.014870
summa, 4, 1, 8, openmp, 2048, 2048, 2048, 4, 1, 8, 4.759473, 5, 0.951895
summa, 4, 1, 8, openmp, 2048, 2048, 2048, 4, 1, 16, 4.185707, 5, 0.837141
summa, 4, 1, 8, openmp, 2048, 2048, 2048, 4, 1, 32, 4.900031, 5, 0.980006
summa, 4, 1, 8, openmp, 2048, 2048, 2048, 4, 1, 64, 5.338481, 5, 1.067696
summa, 4, 1, 8, openmp, 2048, 2048, 2048, 4, 1, 128, 6.890127, 5, 1.378025
summa, 4, 1, 8, openmp, 2048, 2048, 2048, 4, 1, 256, 8.371038, 5, 1.674208
summa, 4, 1, 8, openmp, 2048, 2048, 2048, 4, 1, 512, 7.434160, 5, 1.486832
summa, 4, 1, 8, openmp, 2048, 2048, 2048, 4, 1, 1024, 6.559828, 5, 1.311966
summa, 4, 2, 4, openmp, 2048, 2048, 2048, 4, 2, 4, 5.424340, 5, 1.084868
summa, 4, 2, 4, openmp, 2048, 2048, 2048, 4, 2, 8, 4.765704, 5, 0.953141
summa, 4, 2, 4, openmp, 2048, 2048, 2048, 4, 2, 16, 4.267919, 5, 0.853584
summa, 4, 2, 4, openmp, 2048, 2048, 2048, 4, 2, 32, 5.916030, 5, 1.183206
summa, 4, 2, 4, openmp, 2048, 2048, 2048, 4, 2, 64, 6.532081, 5, 1.306416
summa, 4, 2, 4, openmp, 2048, 2048, 2048, 4, 2, 128, 6.875788, 5, 1.375158
summa, 4, 2, 4, openmp, 2048, 2048, 2048, 4, 2, 256, 6.309417, 5, 1.261883
summa, 4, 2, 4, openmp, 2048, 2048, 2048, 4, 2, 512, 8.486577, 5, 1.697315
summa, 4, 2, 4, openmp, 2048, 2048, 2048, 4, 2, 1024, 8.149468, 5, 1.629894
summa, 4, 4, 2, openmp, 2048, 2048, 2048, 4, 4, 4, 5.176803, 5, 1.035361
summa, 4, 4, 2, openmp, 2048, 2048, 2048, 4, 4, 8, 4.447257, 5, 0.889451
summa, 4, 4, 2, openmp, 2048, 2048, 2048, 4, 4, 16, 4.362337, 5, 0.872467
summa, 4, 4, 2, openmp, 2048, 2048, 2048, 4, 4, 32, 5.422155, 5, 1.084431
summa, 4, 4, 2, openmp, 2048, 2048, 2048, 4, 4, 64, 7.941793, 5, 1.588359
summa, 4, 4, 2, openmp, 2048, 2048, 2048, 4, 4, 128, 7.195362, 5, 1.439072
summa, 4, 4, 2, openmp, 2048, 2048, 2048, 4, 4, 256, 6.996856, 5, 1.399371
summa, 4, 4, 2, openmp, 2048, 2048, 2048, 4, 4, 512, 8.465924, 5, 1.693185
summa, 4, 4, 2, summa, 4, 8, 1, openmp, 2048, 2048, 2048, 4, 8, 4, 5.084127, 5, 1.016825
summa, 4, 8, 1, openmp, 2048, 2048, 2048, 4, 8, 8, 4.496873, 5, 0.899375
summa, 4, 8, 1, openmp, 2048, 2048, 2048, 4, 8, 16, 5.126375, 5, 1.025275
summa, 4, 8, 1, openmp, 2048, 2048, 2048, 4, 8, 32, 7.357144, 5, 1.471429
summa, 4, 8, 1, openmp, 2048, 2048, 2048, 4, 8, 64, 6.570404, 5, 1.314081
summa, 4, 8, 1, openmp, 2048, 2048, 2048, 4, 8, 128, 8.295462, 5, 1.659092
summa, 4, 8, 1, openmp, 2048, 2048, 2048, 4, 8, 256, 7.557787, 5, 1.511557
summa, 4, 8, 1, summa, 4, 8, 1, summa, 4, 1, 8, mkl, 2048, 2048, 2048, 4, 1, 4, 7.519893, 5, 1.503979
summa, 4, 1, 8, mkl, 2048, 2048, 2048, 4, 1, 8, 1.767717, 5, 0.353543
summa, 4, 1, 8, mkl, 2048, 2048, 2048, 4, 1, 16, 1.413790, 5, 0.282758
summa, 4, 1, 8, mkl, 2048, 2048, 2048, 4, 1, 32, 0.831390, 5, 0.166278
summa, 4, 1, 8, mkl, 2048, 2048, 2048, 4, 1, 64, 1.161915, 5, 0.232383
summa, 4, 1, 8, mkl, 2048, 2048, 2048, 4, 1, 128, 0.744766, 5, 0.148953
summa, 4, 1, 8, mkl, 2048, 2048, 2048, 4, 1, 256, 1.087699, 5, 0.217540
summa, 4, 1, 8, mkl, 2048, 2048, 2048, 4, 1, 512, 0.784127, 5, 0.156825
summa, 4, 1, 8, mkl, 2048, 2048, 2048, 4, 1, 1024, 0.955400, 5, 0.191080
summa, 4, 2, 4, mkl, 2048, 2048, 2048, 4, 2, 4, 4.552809, 5, 0.910562
summa, 4, 2, 4, mkl, 2048, 2048, 2048, 4, 2, 8, 1.137947, 5, 0.227589
summa, 4, 2, 4, mkl, 2048, 2048, 2048, 4, 2, 16, 1.004411, 5, 0.200882
summa, 4, 2, 4, mkl, 2048, 2048, 2048, 4, 2, 32, 0.968723, 5, 0.193745
summa, 4, 2, 4, mkl, 2048, 2048, 2048, 4, 2, 64, 1.053931, 5, 0.210786
summa, 4, 2, 4, mkl, 2048, 2048, 2048, 4, 2, 128, 1.164543, 5, 0.232909
summa, 4, 2, 4, mkl, 2048, 2048, 2048, 4, 2, 256, 0.766737, 5, 0.153347
summa, 4, 2, 4, mkl, 2048, 2048, 2048, 4, 2, 512, 0.903608, 5, 0.180722
summa, 4, 2, 4, mkl, 2048, 2048, 2048, 4, 2, 1024, 0.960177, 5, 0.192035
summa, 4, 4, 2, mkl, 2048, 2048, 2048, 4, 4, 4, 2.159259, 5, 0.431852
summa, 4, 4, 2, mkl, 2048, 2048, 2048, 4, 4, 8, 1.629027, 5, 0.325805
summa, 4, 4, 2, mkl, 2048, 2048, 2048, 4, 4, 16, 1.346026, 5, 0.269205
summa, 4, 4, 2, mkl, 2048, 2048, 2048, 4, 4, 32, 1.237993, 5, 0.247599
summa, 4, 4, 2, mkl, 2048, 2048, 2048, 4, 4, 64, 0.999584, 5, 0.199917
summa, 4, 4, 2, mkl, 2048, 2048, 2048, 4, 4, 128, 1.327090, 5, 0.265418
summa, 4, 4, 2, mkl, 2048, 2048, 2048, 4, 4, 256, 1.080147, 5, 0.216029
summa, 4, 4, 2, mkl, 2048, 2048, 2048, 4, 4, 512, 1.264432, 5, 0.252886
summa, 4, 4, 2, summa, 4, 8, 1, mkl, 2048, 2048, 2048, 4, 8, 4, 1.774607, 5, 0.354921
summa, 4, 8, 1, mkl, 2048, 2048, 2048, 4, 8, 8, 1.087659, 5, 0.217532
summa, 4, 8, 1, mkl, 2048, 2048, 2048, 4, 8, 16, 1.563702, 5, 0.312740
summa, 4, 8, 1, mkl, 2048, 2048, 2048, 4, 8, 32, 1.321704, 5, 0.264341
summa, 4, 8, 1, mkl, 2048, 2048, 2048, 4, 8, 64, 1.415906, 5, 0.283181
summa, 4, 8, 1, mkl, 2048, 2048, 2048, 4, 8, 128, 1.634367, 5, 0.326873
summa, 4, 8, 1, mkl, 2048, 2048, 2048, 4, 8, 256, 1.285190, 5, 0.257038
summa, 4, 8, 1, summa, 4, 8, 1, summa, 8, 8, 1, naive, 2048, 2048, 2048, 8, 8, 4, 2.989551, 5, 0.597910
summa, 8, 8, 1, naive, 2048, 2048, 2048, 8, 8, 8, 2.734845, 5, 0.546969
summa, 8, 8, 1, naive, 2048, 2048, 2048, 8, 8, 16, 2.593175, 5, 0.518635
summa, 8, 8, 1, naive, 2048, 2048, 2048, 8, 8, 32, 2.806027, 5, 0.561205
summa, 8, 8, 1, naive, 2048, 2048, 2048, 8, 8, 64, 3.141322, 5, 0.628264
summa, 8, 8, 1, naive, 2048, 2048, 2048, 8, 8, 128, 3.821451, 5, 0.764290
summa, 8, 8, 1, naive, 2048, 2048, 2048, 8, 8, 256, 4.721928, 5, 0.944386
summa, 8, 8, 1, naive, 2048, 2048, 2048, 8, 8, 512, 4.830330, 5, 0.966066
summa, 8, 8, 1, naive, 2048, 2048, 2048, 8, 8, 1024, 7.571812, 5, 1.514362
summa, 8, 1, 8, openmp, 2048, 2048, 2048, 8, 1, 4, 3.620978, 5, 0.724196
summa, 8, 1, 8, openmp, 2048, 2048, 2048, 8, 1, 8, 2.861873, 5, 0.572375
summa, 8, 1, 8, openmp, 2048, 2048, 2048, 8, 1, 16, 2.903824, 5, 0.580765
summa, 8, 1, 8, openmp, 2048, 2048, 2048, 8, 1, 32, 3.263890, 5, 0.652778
summa, 8, 1, 8, openmp, 2048, 2048, 2048, 8, 1, 64, 2.582515, 5, 0.516503
summa, 8, 1, 8, openmp, 2048, 2048, 2048, 8, 1, 128, 3.403437, 5, 0.680687
summa, 8, 1, 8, openmp, 2048, 2048, 2048, 8, 1, 256, 3.277536, 5, 0.655507
summa, 8, 1, 8, openmp, 2048, 2048, 2048, 8, 1, 512, 5.086787, 5, 1.017357
summa, 8, 1, 8, openmp, 2048, 2048, 2048, 8, 1, 1024, 3.632778, 5, 0.726556
summa, 8, 2, 4, openmp, 2048, 2048, 2048, 8, 2, 4, 3.243790, 5, 0.648758
summa, 8, 2, 4, openmp, 2048, 2048, 2048, 8, 2, 8, 3.330333, 5, 0.666067
summa, 8, 2, 4, openmp, 2048, 2048, 2048, 8, 2, 16, 2.993212, 5, 0.598642
summa, 8, 2, 4, openmp, 2048, 2048, 2048, 8, 2, 32, 3.657281, 5, 0.731456
summa, 8, 2, 4, openmp, 2048, 2048, 2048, 8, 2, 64, 3.548277, 5, 0.709655
summa, 8, 2, 4, openmp, 2048, 2048, 2048, 8, 2, 128, 2.988349, 5, 0.597670
summa, 8, 2, 4, openmp, 2048, 2048, 2048, 8, 2, 256, 5.242043, 5, 1.048409
summa, 8, 2, 4, openmp, 2048, 2048, 2048, 8, 2, 512, 4.044540, 5, 0.808908
summa, 8, 2, 4, openmp, 2048, 2048, 2048, 8, 2, 1024, 4.784908, 5, 0.956982
summa, 8, 4, 2, openmp, 2048, 2048, 2048, 8, 4, 4, 4.329029, 5, 0.865806
summa, 8, 4, 2, openmp, 2048, 2048, 2048, 8, 4, 8, 4.091633, 5, 0.818327
summa, 8, 4, 2, openmp, 2048, 2048, 2048, 8, 4, 16, 3.643528, 5, 0.728706
summa, 8, 4, 2, openmp, 2048, 2048, 2048, 8, 4, 32, 4.459597, 5, 0.891919
summa, 8, 4, 2, openmp, 2048, 2048, 2048, 8, 4, 64, 4.021370, 5, 0.804274
summa, 8, 4, 2, openmp, 2048, 2048, 2048, 8, 4, 128, 5.023762, 5, 1.004752
summa, 8, 4, 2, openmp, 2048, 2048, 2048, 8, 4, 256, 4.575669, 5, 0.915134
summa, 8, 4, 2, openmp, 2048, 2048, 2048, 8, 4, 512, 5.237613, 5, 1.047523
summa, 8, 4, 2, summa, 8, 8, 1, openmp, 2048, 2048, 2048, 8, 8, 4, 3.947989, 5, 0.789598
summa, 8, 8, 1, openmp, 2048, 2048, 2048, 8, 8, 8, 2.999724, 5, 0.599945
summa, 8, 8, 1, openmp, 2048, 2048, 2048, 8, 8, 16, 3.015584, 5, 0.603117
summa, 8, 8, 1, openmp, 2048, 2048, 2048, 8, 8, 32, 3.699816, 5, 0.739963
summa, 8, 8, 1, openmp, 2048, 2048, 2048, 8, 8, 64, 3.896334, 5, 0.779267
summa, 8, 8, 1, openmp, 2048, 2048, 2048, 8, 8, 128, 4.174852, 5, 0.834970
summa, 8, 8, 1, openmp, 2048, 2048, 2048, 8, 8, 256, 5.240551, 5, 1.048110
summa, 8, 8, 1, openmp, 2048, 2048, 2048, 8, 8, 512, 4.866949, 5, 0.973390
summa, 8, 8, 1, openmp, 2048, 2048, 2048, 8, 8, 1024, 8.762985, 5, 1.752597
summa, 8, 1, 8, mkl, 2048, 2048, 2048, 8, 1, 4, 4.108462, 5, 0.821692
summa, 8, 1, 8, mkl, 2048, 2048, 2048, 8, 1, 8, 1.120309, 5, 0.224062
summa, 8, 1, 8, mkl, 2048, 2048, 2048, 8, 1, 16, 1.184934, 5, 0.236987
summa, 8, 1, 8, mkl, 2048, 2048, 2048, 8, 1, 32, 0.689185, 5, 0.137837
summa, 8, 1, 8, mkl, 2048, 2048, 2048, 8, 1, 64, 0.645779, 5, 0.129156
summa, 8, 1, 8, mkl, 2048, 2048, 2048, 8, 1, 128, 0.802104, 5, 0.160421
summa, 8, 1, 8, mkl, 2048, 2048, 2048, 8, 1, 256, 0.642129, 5, 0.128426
summa, 8, 1, 8, mkl, 2048, 2048, 2048, 8, 1, 512, 0.715904, 5, 0.143181
summa, 8, 1, 8, mkl, 2048, 2048, 2048, 8, 1, 1024, 0.883764, 5, 0.176753
summa, 8, 2, 4, mkl, 2048, 2048, 2048, 8, 2, 4, 2.350265, 5, 0.470053
summa, 8, 2, 4, mkl, 2048, 2048, 2048, 8, 2, 8, 0.983054, 5, 0.196611
summa, 8, 2, 4, mkl, 2048, 2048, 2048, 8, 2, 16, 1.171935, 5, 0.234387
summa, 8, 2, 4, mkl, 2048, 2048, 2048, 8, 2, 32, 1.493772, 5, 0.298754
summa, 8, 2, 4, mkl, 2048, 2048, 2048, 8, 2, 64, 0.829662, 5, 0.165932
summa, 8, 2, 4, mkl, 2048, 2048, 2048, 8, 2, 128, 0.764896, 5, 0.152979
summa, 8, 2, 4, mkl, 2048, 2048, 2048, 8, 2, 256, 0.696960, 5, 0.139392
summa, 8, 2, 4, mkl, 2048, 2048, 2048, 8, 2, 512, 0.572787, 5, 0.114557
summa, 8, 2, 4, mkl, 2048, 2048, 2048, 8, 2, 1024, 0.736027, 5, 0.147205
summa, 8, 4, 2, mkl, 2048, 2048, 2048, 8, 4, 4, 1.408197, 5, 0.281639
summa, 8, 4, 2, mkl, 2048, 2048, 2048, 8, 4, 8, 0.977697, 5, 0.195539
summa, 8, 4, 2, mkl, 2048, 2048, 2048, 8, 4, 16, 1.100093, 5, 0.220019
summa, 8, 4, 2, mkl, 2048, 2048, 2048, 8, 4, 32, 0.939814, 5, 0.187963
summa, 8, 4, 2, mkl, 2048, 2048, 2048, 8, 4, 64, 1.402035, 5, 0.280407
summa, 8, 4, 2, mkl, 2048, 2048, 2048, 8, 4, 128, 0.815163, 5, 0.163033
summa, 8, 4, 2, mkl, 2048, 2048, 2048, 8, 4, 256, 1.113906, 5, 0.222781
summa, 8, 4, 2, mkl, 2048, 2048, 2048, 8, 4, 512, 0.746024, 5, 0.149205
summa, 8, 4, 2, summa, 8, 8, 1, mkl, 2048, 2048, 2048, 8, 8, 4, 1.465772, 5, 0.293154
summa, 8, 8, 1, mkl, 2048, 2048, 2048, 8, 8, 8, 1.226495, 5, 0.245299
summa, 8, 8, 1, mkl, 2048, 2048, 2048, 8, 8, 16, 1.002350, 5, 0.200470
summa, 8, 8, 1, mkl, 2048, 2048, 2048, 8, 8, 32, 0.926932, 5, 0.185386
summa, 8, 8, 1, mkl, 2048, 2048, 2048, 8, 8, 64, 1.332296, 5, 0.266459
summa, 8, 8, 1, mkl, 2048, 2048, 2048, 8, 8, 128, 1.316117, 5, 0.263223
summa, 8, 8, 1, mkl, 2048, 2048, 2048, 8, 8, 256, 1.158974, 5, 0.231795
summa, 8, 8, 1, mkl, 2048, 2048, 2048, 8, 8, 512, 0.967463, 5, 0.193493
summa, 8, 8, 1, mkl, 2048, 2048, 2048, 8, 8, 1024, 5.573544, 5, 1.114709
summa, 1, 8, 1, naive, 4096, 4096, 4096, 1, 8, 4, 82.534399, 5, 16.506880
summa, 1, 8, 1, naive, 4096, 4096, 4096, 1, 8, 8, 126.985621, 5, 25.397124
summa, 1, 8, 1, naive, 4096, 4096, 4096, 1, 8, 16, 101.994270, 5, 20.398854
summa, 1, 8, 1, naive, 4096, 4096, 4096, 1, 8, 32, 101.553185, 5, 20.310637
summa, 1, 8, 1, naive, 4096, 4096, 4096, 1, 8, 64, 123.828974, 5, 24.765795
summa, 1, 8, 1, naive, 4096, 4096, 4096, 1, 8, 128, 188.383233, 5, 37.676647
summa, 1, 8, 1, naive, 4096, 4096, 4096, 1, 8, 256, 226.892135, 5, 45.378427
summa, 1, 8, 1, naive, 4096, 4096, 4096, 1, 8, 512, 786.547741, 5, 157.309548
summa, 1, 8, 1, naive, 4096, 4096, 4096, 1, 8, 1024, 972.437632, 5, 194.487526
summa, 1, 1, 8, openmp, 4096, 4096, 4096, 1, 1, 4, 94.445820, 5, 18.889164
summa, 1, 1, 8, openmp, 4096, 4096, 4096, 1, 1, 8, 74.011713, 5, 14.802343
summa, 1, 1, 8, openmp, 4096, 4096, 4096, 1, 1, 16, 91.543428, 5, 18.308686
summa, 1, 1, 8, openmp, 4096, 4096, 4096, 1, 1, 32, 93.983416, 5, 18.796683
summa, 1, 1, 8, openmp, 4096, 4096, 4096, 1, 1, 64, 112.519057, 5, 22.503811
summa, 1, 1, 8, openmp, 4096, 4096, 4096, 1, 1, 128, 116.778957, 5, 23.355791
summa, 1, 1, 8, openmp, 4096, 4096, 4096, 1, 1, 256, 130.997399, 5, 26.199480
summa, 1, 1, 8, openmp, 4096, 4096, 4096, 1, 1, 512, 843.615906, 5, 168.723181
summa, 1, 1, 8, openmp, 4096, 4096, 4096, 1, 1, 1024, 1359.986429, 5, 271.997286
summa, 1, 2, 4, openmp, 4096, 4096, 4096, 1, 2, 4, 84.241209, 5, 16.848242
summa, 1, 2, 4, openmp, 4096, 4096, 4096, 1, 2, 8, 74.568572, 5, 14.913714
summa, 1, 2, 4, openmp, 4096, 4096, 4096, 1, 2, 16, 91.185269, 5, 18.237054
summa, 1, 2, 4, openmp, 4096, 4096, 4096, 1, 2, 32, 99.462005, 5, 19.892401
summa, 1, 2, 4, openmp, 4096, 4096, 4096, 1, 2, 64, 115.157078, 5, 23.031416
summa, 1, 2, 4, openmp, 4096, 4096, 4096, 1, 2, 128, 126.239754, 5, 25.247951
summa, 1, 2, 4, openmp, 4096, 4096, 4096, 1, 2, 256, 185.775986, 5, 37.155197
summa, 1, 2, 4, openmp, 4096, 4096, 4096, 1, 2, 512, 750.211110, 5, 150.042222
summa, 1, 2, 4, openmp, 4096, 4096, 4096, 1, 2, 1024, 1133.020669, 5, 226.604134
summa, 1, 4, 2, openmp, 4096, 4096, 4096, 1, 4, 4, 83.701008, 5, 16.740202
summa, 1, 4, 2, openmp, 4096, 4096, 4096, 1, 4, 8, 75.388904, 5, 15.077781
summa, 1, 4, 2, openmp, 4096, 4096, 4096, 1, 4, 16, 94.226723, 5, 18.845345
summa, 1, 4, 2, openmp, 4096, 4096, 4096, 1, 4, 32, 100.517070, 5, 20.103414
summa, 1, 4, 2, openmp, 4096, 4096, 4096, 1, 4, 64, 121.037163, 5, 24.207433
summa, 1, 4, 2, openmp, 4096, 4096, 4096, 1, 4, 128, 208.819876, 5, 41.763975
summa, 1, 4, 2, openmp, 4096, 4096, 4096, 1, 4, 256, 263.876553, 5, 52.775311
summa, 1, 4, 2, openmp, 4096, 4096, 4096, 1, 4, 512, 825.210637, 5, 165.042127
summa, 1, 4, 2, openmp, 4096, 4096, 4096, 1, 4, 1024, 1028.640401, 5, 205.728080
summa, 1, 8, 1, openmp, 4096, 4096, 4096, 1, 8, 4, 93.585171, 5, 18.717034
summa, 1, 8, 1, openmp, 4096, 4096, 4096, 1, 8, 8, 107.105357, 5, 21.421071
summa, 1, 8, 1, openmp, 4096, 4096, 4096, 1, 8, 16, 96.757652, 5, 19.351530
summa, 1, 8, 1, openmp, 4096, 4096, 4096, 1, 8, 32, 102.152882, 5, 20.430576
summa, 1, 8, 1, openmp, 4096, 4096, 4096, 1, 8, 64, 125.614152, 5, 25.122830
summa, 1, 8, 1, 